image_id,image_path,status,failure_stage,selection_stage,refinement_source,relational_prompt,initial_candidate_count,refined_candidate_count,selected_label,owl_score,gpt_selection_confidence,relation_match,gpt_edge_decision,gpt_edge_confidence,adjustment_applied,adjustment_gate,pre_adjustment_x_min,pre_adjustment_y_min,pre_adjustment_x_max,pre_adjustment_y_max,pred_x_min,pred_y_min,pred_x_max,pred_y_max,gt_x_min,gt_y_min,gt_x_max,gt_y_max,iou,bbox_quality,notes
vid_res_001_man_in_lobby_by_door_frame_01,examples/residence_images/vid_res_001_man_in_lobby_by_door_frame_01.jpg,success,,gpt_selected_refined_candidate,gpt_selected_initial_candidate,False,1,1,person,0.12361912429332733,0.86,True,adjust,0.74,True,applied,996.5,274.75,1156.5,836.75,999.7,280.37,1150.1,825.51,966.0,267.0,1185.0,852.0,0.6399645318659012,strict_success,"Box includes extra background, mainly to the right and bottom; small inward tweaks will more tightly fit the person by the door."
vid_res_001_man_in_lobby_by_door_frame_02,examples/residence_images/vid_res_001_man_in_lobby_by_door_frame_02.jpg,success,,gpt_selected_refined_candidate,gpt_selected_initial_candidate,False,1,1,person,0.11977248638868332,0.84,True,adjust,0.78,True,applied,991.0,269.5,1157.0,826.5,999.3,280.64,1147.04,804.22,966.0,259.0,1173.0,843.0,0.639879137714248,strict_success,"Box contains the person but leaves extra space on the left, right, and bottom; small tightening improves fit."
vid_res_001_man_in_lobby_by_door_frame_03,examples/residence_images/vid_res_001_man_in_lobby_by_door_frame_03.jpg,success,,gpt_selected_refined_candidate,gpt_selected_initial_candidate,False,1,1,person,0.09061083942651749,0.86,True,adjust,0.78,True,applied,1081.5,212.0,1225.5,762.0,1084.38,217.5,1222.62,756.5,1056.0,196.0,1261.0,764.0,0.6399120577121254,strict_success,"Box includes the person but has small extra margins on left, right, and bottom; minor tightening improves fit."
vid_res_002_girl_sitting_in_lounge_frame_01,examples/residence_images/vid_res_002_girl_sitting_in_lounge_frame_01.jpg,success,,gpt_selected_refined_candidate,gpt_selected_initial_candidate,False,1,2,person girl sitting in lounge,0.06843283772468567,0.72,False,adjust,0.78,True,applied,1162.25,296.25,1340.25,601.25,1174.71,302.35,1334.91,592.1,1152.0,273.0,1328.0,602.0,0.7414223884859272,strict_success,Box includes extra space/chair on left and some floor on bottom; slight tighten on all sides keeps the seated person tightly contained.
vid_res_002_girl_sitting_in_lounge_frame_02,examples/residence_images/vid_res_002_girl_sitting_in_lounge_frame_02.jpg,success,,gpt_selected_refined_candidate,gpt_selected_initial_candidate,False,1,1,person,0.11866824328899384,0.82,True,adjust,0.78,True,applied,1189.75,288.75,1349.75,583.75,1197.75,294.65,1344.95,583.75,1175.0,268.0,1369.0,600.0,0.6607179232393494,strict_success,Box includes extra chair/table space on left and right; slight tightening keeps the person fully contained while reducing background.
vid_res_002_girl_sitting_in_lounge_frame_03,examples/residence_images/vid_res_002_girl_sitting_in_lounge_frame_03.jpg,success,,gpt_selected_refined_candidate,gpt_selected_initial_candidate,False,2,1,person girl sitting in lounge,0.107654869556427,0.8,True,adjust,0.73,True,applied,1206.5,281.25,1376.5,585.25,1211.6,290.37,1373.1,573.09,1202.0,268.0,1377.0,595.0,0.7978904325032767,strict_success,"Box includes extra background above, below, and slightly on sides; small trims tighten around the seated person while keeping shoes and head inside."
vid_res_004_table_with_flower_on_top_frame_01,examples/residence_images/vid_res_004_table_with_flower_on_top_frame_01.jpg,failed,initial_selection,,,False,1,0,,,0.18,False,,,False,,,,,,,,,,896.0,347.0,1029.0,558.0,0.0,failed,The only detected table (C1) has no flower on top; the table with a flower is in the back and not among candidates.
vid_res_004_table_with_flower_on_top_frame_02,examples/residence_images/vid_res_004_table_with_flower_on_top_frame_02.jpg,success,,gpt_selected_refined_candidate,gpt_coarse_region,False,1,1,table,0.14595505595207214,0.78,True,adjust,0.69,False,not_applied,880.0,402.0,1030.0,532.0,880.0,402.0,1030.0,532.0,890.0,350.0,1031.0,555.0,0.6025492468134415,strict_success,Box clips the tabletop on both left and right; widen slightly to fully include the table. Top and bottom appear acceptable.
vid_res_004_table_with_flower_on_top_frame_03,examples/residence_images/vid_res_004_table_with_flower_on_top_frame_03.jpg,success,,gpt_selected_refined_candidate,gpt_coarse_region,False,1,2,table,0.20048925280570984,0.76,True,adjust,0.72,True,applied,898.0,393.0,1022.0,524.0,888.08,396.93,1034.4,520.07,900.0,346.0,1024.0,549.0,0.5468873520419675,strict_success,Box clips the tabletop/base on both sides and has slight extra margin vertically; small expansion left/right and minor vertical tweaks will tightly contain the table.
vid_res_005_under_the_painting_frame_01,examples/residence_images/vid_res_005_under_the_painting_frame_01.jpg,success,,gpt_selected_refined_candidate,gpt_coarse_region,True,2,1,wall under painting,0.005209207069128752,0.74,True,uncertain,0.42,False,not_applied,1207.0,410.0,1425.0,488.0,1207.0,410.0,1425.0,488.0,1218.0,282.0,1405.0,479.0,0.3151685393258427,success,"The crop does not show the painting’s lower edge, so the top extent of the 'wall under painting' cannot be verified; lateral/bottom limits are also ambiguous. Tight containment can’t be judged reliably."
vid_res_005_under_the_painting_frame_02,examples/residence_images/vid_res_005_under_the_painting_frame_02.jpg,success,,gpt_selected_refined_candidate,gpt_coarse_region,True,1,1,wall under painting,0.013749470934271812,0.66,True,uncertain,0.32,False,not_applied,1063.0,682.0,1223.0,709.0,1063.0,682.0,1223.0,709.0,1072.0,483.0,1280.0,713.0,0.08479088243246054,poor,The crop is too limited and lacks clear context or box edges to judge whether it tightly contains the white wall under the painting.
vid_res_005_under_the_painting_frame_03,examples/residence_images/vid_res_005_under_the_painting_frame_03.jpg,success,,gpt_selected_refined_candidate,gpt_coarse_region,True,1,1,wall under painting,0.0117691271007061,0.72,True,uncertain,0.34,False,not_applied,994.0,791.0,1258.0,822.0,994.0,791.0,1258.0,822.0,1005.0,544.0,1251.0,826.0,0.10905190905190905,weak_overlap,Most of the box and target boundaries are not visible in this narrow crop; cannot reliably judge tightness.
vid_res_006_man_by_the_elevator_green_shirt_frame_01,examples/residence_images/vid_res_006_man_by_the_elevator_green_shirt_frame_01.jpg,success,,gpt_selected_refined_candidate,gpt_selected_initial_candidate,True,1,1,person,0.07302746176719666,0.9,True,adjust,0.82,True,applied,827.0,134.0,1109.0,1078.0,841.1,181.2,1100.54,1059.12,806.0,138.0,1123.0,1073.0,0.7684595381163647,strict_success,Slight extra background on all sides; small inward shifts will tightly contain the man without clipping.
vid_res_006_man_by_the_elevator_green_shirt_frame_02,examples/residence_images/vid_res_006_man_by_the_elevator_green_shirt_frame_02.jpg,success,,gpt_selected_refined_candidate,gpt_selected_initial_candidate,True,1,1,person,0.07005579769611359,0.86,True,adjust,0.76,True,applied,829.0,129.0,1116.0,1078.0,837.61,157.47,1110.26,1059.02,812.0,130.0,1137.0,1077.0,0.7986600844772965,strict_success,Box includes small extra background on all sides; slight tightening improves fit around the man in the green shirt.
vid_res_006_man_by_the_elevator_green_shirt_frame_03,examples/residence_images/vid_res_006_man_by_the_elevator_green_shirt_frame_03.jpg,success,,gpt_selected_refined_candidate,gpt_selected_initial_candidate,True,1,1,person,0.07302746176719666,0.86,True,adjust,0.82,True,applied,827.0,134.0,1109.0,1078.0,841.1,162.32,1109.0,1078.0,798.0,132.0,1139.0,1073.0,0.7571559599715102,strict_success,Box is slightly loose on the left and top; small inward adjustments will better tighten around the person.
vid_res_007_man_standing_by_table_frame_01,examples/residence_images/vid_res_007_man_standing_by_table_frame_01.jpg,success,,gpt_selected_refined_candidate,gpt_selected_initial_candidate,False,1,1,person,0.09234149754047394,0.78,True,adjust,0.77,True,applied,708.75,193.25,941.75,910.25,718.07,229.1,937.09,888.74,686.0,186.0,963.0,920.0,0.7105831888962119,strict_success,Box includes the correct man but has small extra margins on all sides; tighten slightly for a snug fit.
vid_res_007_man_standing_by_table_frame_02,examples/residence_images/vid_res_007_man_standing_by_table_frame_02.jpg,success,,gpt_selected_refined_candidate,gpt_selected_initial_candidate,False,1,1,person,0.09460324048995972,0.78,True,adjust,0.77,True,applied,706.5,192.0,940.5,987.0,706.5,192.0,933.48,971.1,672.0,179.0,971.0,999.0,0.7212664899257689,strict_success,Box includes the man but leaves slight extra space on the right and below near the shoes; small tighten recommended.
vid_res_007_man_standing_by_table_frame_03,examples/residence_images/vid_res_007_man_standing_by_table_frame_03.jpg,success,,gpt_selected_refined_candidate,gpt_selected_initial_candidate,False,1,1,person,0.09031558036804199,0.78,True,accept,0.9,False,not_applied,704.5,192.75,944.5,977.75,704.5,192.75,944.5,977.75,670.0,181.0,963.0,993.0,0.791876124346408,strict_success,Box tightly contains the man from head to shoes with minimal background on all sides; no limbs or items cut off.
vid_res_008_man_standing_by_water_dispenser_frame_01,examples/residence_images/vid_res_008_man_standing_by_water_dispenser_frame_01.jpg,success,,gpt_selected_refined_candidate,gpt_selected_initial_candidate,False,4,4,person,0.16192592680454254,0.84,True,adjust,0.74,True,applied,1013.25,279.0,1185.25,673.0,1018.41,286.88,1178.37,665.12,976.0,272.0,1203.0,693.0,0.6330979354798202,strict_success,"Box is slightly loose on all sides, especially left and right; small inward shifts will tighten around the person without cutting off extremities."
vid_res_008_man_standing_by_water_dispenser_frame_02,examples/residence_images/vid_res_008_man_standing_by_water_dispenser_frame_02.jpg,success,,gpt_selected_refined_candidate,gpt_selected_initial_candidate,False,4,3,person,0.13093021512031555,0.86,True,adjust,0.76,True,applied,1092.0,248.25,1269.0,661.25,1097.31,256.51,1265.46,648.86,1074.0,238.0,1283.0,665.0,0.7392585692995535,strict_success,Box includes extra margins on the left and bottom and a bit above the head; small tighten on all sides keeps the person fully contained.
vid_res_008_man_standing_by_water_dispenser_frame_03,examples/residence_images/vid_res_008_man_standing_by_water_dispenser_frame_03.jpg,success,,gpt_selected_refined_candidate,gpt_selected_initial_candidate,False,4,3,person,0.13144230842590332,0.82,True,adjust,0.78,True,applied,1100.75,240.0,1282.75,658.0,1108.03,240.0,1275.47,649.64,1074.0,222.0,1305.0,671.0,0.6613072011878249,strict_success,"Box is slightly loose on left, right, and bottom; small inward tweaks will better hug the person without cropping."
vid_res_009_door_on_the_right_frame_01,examples/residence_images/vid_res_009_door_on_the_right_frame_01.jpg,success,,gpt_selected_refined_candidate,gpt_selected_initial_candidate,True,2,2,hallway door,0.12070517241954803,0.78,True,adjust,0.78,True,applied,1286.0,6.0,1424.0,1023.0,1290.14,6.0,1421.24,1002.66,1214.0,5.0,1459.0,1072.0,0.4998264292408618,success,"Box slightly includes door frame on left, a sliver of wall on right, and a bit of floor at bottom; small trims tighten around the door panel."
vid_res_009_door_on_the_right_frame_02,examples/residence_images/vid_res_009_door_on_the_right_frame_02.jpg,success,,gpt_selected_refined_candidate,gpt_selected_initial_candidate,True,3,2,door,0.07074487209320068,0.84,True,adjust,0.73,True,applied,1292.5,8.0,1448.5,1041.0,1280.02,8.0,1443.82,1041.0,1214.0,6.0,1472.0,1025.0,0.6273834111420937,strict_success,Box misses part of the door handle on the left and includes a thin strip of wall on the right; small boundary tweaks tighten around the door.
vid_res_009_door_on_the_right_frame_03,examples/residence_images/vid_res_009_door_on_the_right_frame_03.jpg,success,,gpt_selected_refined_candidate,gpt_selected_initial_candidate,True,2,2,door,0.11458295583724976,0.84,True,adjust,0.72,True,applied,1257.75,4.0,1421.75,1030.0,1259.39,4.0,1415.19,1030.0,1174.0,3.0,1463.0,1076.0,0.5154864445641202,strict_success,Box slightly includes background on the right and a small margin on the left; minor trims make it tighter around the door while keeping the handle.
vid_res_010_door_at_end_of_hallway_frame_01,examples/residence_images/vid_res_010_door_at_end_of_hallway_frame_01.jpg,success,,gpt_selected_refined_candidate,gpt_selected_initial_candidate,False,2,1,hallway door,0.07011743634939194,0.86,True,adjust,0.8,True,applied,706.25,38.0,1065.25,784.0,713.43,52.92,1058.07,761.62,680.0,17.0,1083.0,801.0,0.773048969463716,strict_success,Box includes small extra wall and floor; slight inward shifts will better align to the door/frame without cropping it.
vid_res_010_door_at_end_of_hallway_frame_02,examples/residence_images/vid_res_010_door_at_end_of_hallway_frame_02.jpg,success,,gpt_selected_refined_candidate,gpt_selected_initial_candidate,False,3,1,hallway door,0.06479352712631226,0.84,True,adjust,0.73,True,applied,663.25,3.0,1042.25,787.0,663.25,3.0,1023.3,763.48,636.0,6.0,1069.0,799.0,0.7917879141231732,strict_success,Box slightly includes wall on the right and some floor at the bottom; other edges are tight to the door.
vid_res_010_door_at_end_of_hallway_frame_03,examples/residence_images/vid_res_010_door_at_end_of_hallway_frame_03.jpg,success,,gpt_selected_refined_candidate,gpt_selected_initial_candidate,False,3,1,hallway door,0.08540637046098709,0.78,True,adjust,0.78,True,applied,615.75,0.0,1000.75,786.0,627.3,0.0,993.05,762.42,586.0,2.0,1025.0,802.0,0.7902776960857439,strict_success,Box slightly includes wall on both sides and extra floor at bottom; small tighten improves fit to the door.
vid_res_011_door_with_sign_frame_01,examples/residence_images/vid_res_011_door_with_sign_frame_01.jpg,success,,gpt_selected_refined_candidate,gpt_selected_initial_candidate,False,3,1,door,0.013725487515330315,0.68,True,uncertain,0.58,False,not_applied,350.0,0.0,588.0,187.0,350.0,0.0,588.0,187.0,239.0,9.0,693.0,1073.0,0.0873128083792596,poor,The selected box crops through the door on all sides and does not approach the full door boundaries; making it tight would require shifts greater than the allowed ±10%.
vid_res_011_door_with_sign_frame_02,examples/residence_images/vid_res_011_door_with_sign_frame_02.jpg,success,,gpt_selected_refined_candidate,gpt_selected_initial_candidate,False,4,1,door,0.02045857533812523,0.62,False,adjust,0.7,True,applied,343.5,0.0,579.5,187.0,329.34,0.0,586.58,187.0,234.0,2.0,699.0,1069.0,0.09581704114374012,poor,Slight horizontal expansion to align with the door’s left and right edges; vertical bounds are limited by the crop and are acceptable.
vid_res_011_door_with_sign_frame_03,examples/residence_images/vid_res_011_door_with_sign_frame_03.jpg,success,,gpt_selected_refined_candidate,gpt_selected_initial_candidate,False,3,1,door,0.022127745673060417,0.72,True,adjust,0.63,False,not_applied,336.0,0.0,574.0,190.0,336.0,0.0,574.0,190.0,202.0,2.0,691.0,1079.0,0.08488244812939527,poor,"Box covers the door with the sign but is a bit tight on the left, right, and top edges; slight outward expansion on all sides will better enclose the target."
vid_res_012_elevator_call_button_frame_01,examples/residence_images/vid_res_012_elevator_call_button_frame_01.jpg,success,,gpt_selected_refined_candidate,gpt_selected_initial_candidate,False,4,2,elevator call button,0.05762782692909241,0.78,True,uncertain,0.2,False,not_applied,1056.75,404.0,1078.75,433.0,1056.75,404.0,1078.75,433.0,1018.0,288.0,1129.0,543.0,0.0225401872460696,poor,"Only a small portion of the cyan box edge is visible and the elevator call button is not clearly seen, so tightness cannot be reliably judged."
vid_res_012_elevator_call_button_frame_02,examples/residence_images/vid_res_012_elevator_call_button_frame_02.jpg,success,,gpt_selected_refined_candidate,gpt_selected_initial_candidate,False,3,2,elevator call button,0.05575154349207878,0.78,False,uncertain,0.35,False,not_applied,1056.25,408.0,1080.25,442.0,1056.25,408.0,1080.25,442.0,1020.0,328.0,1117.0,528.0,0.04206185567010309,poor,"The crop is too small and the cyan overlay obscures object boundaries, making it difficult to judge whether the box tightly contains the elevator call button."
vid_res_012_elevator_call_button_frame_03,examples/residence_images/vid_res_012_elevator_call_button_frame_03.jpg,success,,initial_candidate_retained_after_local_refinement,gpt_selected_initial_candidate,False,5,3,elevator call button,0.05603373423218727,0.75,False,adjust,0.73,True,applied,1591.0,144.0,1631.0,199.0,1593.4,147.3,1628.6,195.7,1016.0,320.0,1125.0,526.0,0.0,poor,Box includes noticeable background on all sides; small inward adjustment will tightly frame the target.
vid_res_013_plant_on_table_frame_01,examples/residence_images/vid_res_013_plant_on_table_frame_01.jpg,success,,gpt_selected_refined_candidate,gpt_selected_initial_candidate,False,3,3,plant,0.17133410274982452,0.72,True,adjust,0.79,True,applied,763.0,362.5,1165.0,826.5,771.04,371.78,1156.96,789.38,712.0,378.0,1230.0,837.0,0.6610516666740618,strict_success,"The box covers the plant but leaves extra space, especially below and slight margins on the sides; small tightening improves containment."
vid_res_013_plant_on_table_frame_02,examples/residence_images/vid_res_013_plant_on_table_frame_02.jpg,success,,gpt_selected_refined_candidate,gpt_selected_initial_candidate,False,3,3,plant,0.07828500866889954,0.72,True,adjust,0.78,True,applied,770.75,366.0,1107.75,672.0,767.38,372.12,1097.64,659.76,720.0,378.0,1173.0,839.0,0.4414854182600489,success,"Box is slightly loose, especially on the right and bottom; minor tightening while keeping all plant leaves inside."
vid_res_013_plant_on_table_frame_03,examples/residence_images/vid_res_013_plant_on_table_frame_03.jpg,success,,gpt_selected_refined_candidate,gpt_selected_initial_candidate,False,3,3,plant,0.07828500866889954,0.74,True,adjust,0.75,True,applied,770.75,366.0,1107.75,672.0,777.49,375.18,1107.75,653.64,700.0,364.0,1211.0,823.0,0.39208949771689494,success,"Box includes some extra space, mainly below where non-target elements appear; slight trims on left/top and raising the bottom edge will more tightly contain the plant."
vid_res_014_package_by_the_chair_frame_01,examples/residence_images/vid_res_014_package_by_the_chair_frame_01.jpg,success,,gpt_selected_refined_candidate,gpt_selected_initial_candidate,True,5,1,box,0.14980408549308777,0.86,True,adjust,0.69,False,not_applied,1252.0,480.5,1346.0,552.5,1252.0,480.5,1346.0,552.5,1243.0,460.0,1361.0,570.0,0.5214175654853621,strict_success,Box extends slightly beyond the target on top and bottom and a bit on the left; small inward trims on all sides will tighten around the package.
vid_res_014_package_by_the_chair_frame_02,examples/residence_images/vid_res_014_package_by_the_chair_frame_02.jpg,success,,gpt_selected_refined_candidate,gpt_coarse_region,True,3,1,box,0.0069195120595395565,0.82,True,uncertain,0.15,False,not_applied,1293.0,515.0,1387.0,543.0,1293.0,515.0,1387.0,543.0,1285.0,443.0,1403.0,551.0,0.20652856246076584,weak_overlap,"The crop only shows a UI banner and no visible cyan box or package, so the boundaries cannot be judged."
vid_res_014_package_by_the_chair_frame_03,examples/residence_images/vid_res_014_package_by_the_chair_frame_03.jpg,success,,gpt_selected_refined_candidate,gpt_selected_initial_candidate,True,5,1,box,0.22608967125415802,0.78,True,adjust,0.76,True,applied,1197.0,504.25,1287.0,585.25,1202.4,506.68,1284.3,582.01,1179.0,485.0,1303.0,606.0,0.4111921487603298,success,Box includes some surrounding floor and space; tightening left and top/bottom slightly and bringing right edge a bit left will better hug the package.
vid_res_015_package_on_the_chair_frame_01,examples/residence_images/vid_res_015_package_on_the_chair_frame_01.jpg,success,,gpt_selected_refined_candidate,gpt_selected_initial_candidate,True,5,1,box,0.11564085632562637,0.82,True,accept,0.86,False,not_applied,955.75,360.25,1161.75,469.25,955.75,360.25,1161.75,469.25,944.0,340.0,1181.0,486.0,0.6489220276284607,strict_success,The cyan box closely encloses the package on the chair with only minimal background and no cutoff; no adjustment needed.
vid_res_015_package_on_the_chair_frame_02,examples/residence_images/vid_res_015_package_on_the_chair_frame_02.jpg,success,,gpt_selected_refined_candidate,gpt_selected_initial_candidate,True,4,1,box,0.14520417153835297,0.82,True,adjust,0.83,True,applied,978.5,343.0,1181.5,447.0,988.65,346.12,1171.35,443.88,961.0,329.0,1195.0,462.0,0.573894736842105,strict_success,Box includes extra cushion space on all sides; small inward tweaks make it tighter around the package.
vid_res_015_package_on_the_chair_frame_03,examples/residence_images/vid_res_015_package_on_the_chair_frame_03.jpg,success,,gpt_selected_refined_candidate,gpt_selected_initial_candidate,True,4,1,box,0.15400108695030212,0.83,True,adjust,0.79,True,applied,1016.0,348.5,1226.0,467.5,1024.4,354.45,1215.5,463.93,992.0,336.0,1247.0,483.0,0.5581333333333331,strict_success,Box is correct target but current bounds include small cushion gaps on all sides; minor inward tightening improves fit.
vid_res_016_packages_on_floor_frame_01,examples/residence_images/vid_res_016_packages_on_floor_frame_01.jpg,success,,gpt_selected_refined_candidate,gpt_selected_initial_candidate,False,5,1,box,0.0325220562517643,0.68,True,adjust,0.78,True,applied,933.5,725.5,1154.5,861.5,940.13,728.22,1150.08,856.06,616.0,562.0,1180.0,1025.0,0.102783297336213,weak_overlap,"The box is slightly loose on the left and right, has extra space above, and extends below onto another package; small inward tightening needed."
vid_res_016_packages_on_floor_frame_02,examples/residence_images/vid_res_016_packages_on_floor_frame_02.jpg,success,,gpt_selected_refined_candidate,gpt_selected_initial_candidate,False,4,1,box,0.11319275200366974,0.68,True,adjust,0.79,True,applied,705.0,721.25,987.0,967.25,719.1,728.63,975.72,957.41,665.0,531.0,1193.0,992.0,0.2411980033523959,weak_overlap,Box is slightly loose on all sides; minor tighten to remove extra floor/background.
vid_res_016_packages_on_floor_frame_03,examples/residence_images/vid_res_016_packages_on_floor_frame_03.jpg,success,,gpt_selected_refined_candidate,gpt_selected_initial_candidate,False,4,1,box,0.06758376210927963,0.7,True,adjust,0.76,True,applied,742.25,752.75,1030.25,1020.75,753.77,763.47,1021.61,1012.71,702.0,548.0,1220.0,1036.0,0.264084916766884,success,Box slightly loose on all sides; small inward tweaks will tightly contain the package.
vid_res_017_package_not_red_box_frame_01,examples/residence_images/vid_res_017_package_not_red_box_frame_01.jpg,success,,gpt_selected_refined_candidate,gpt_selected_initial_candidate,False,2,1,box,0.08208134770393372,0.84,True,adjust,0.74,True,applied,869.25,703.5,1020.25,860.5,870.76,706.64,1015.72,854.22,855.0,693.0,1041.0,868.0,0.6572410691244244,strict_success,"Box is slightly loose on the right and bottom, with a bit of extra space on the top; minor tightening on all sides will better hug the package."
vid_res_017_package_not_red_box_frame_02,examples/residence_images/vid_res_017_package_not_red_box_frame_02.jpg,success,,gpt_selected_refined_candidate,gpt_selected_initial_candidate,False,2,1,box,0.14849968254566193,0.73,True,adjust,0.73,True,applied,905.0,578.0,1033.0,688.0,910.12,582.4,1029.16,681.4,895.0,563.0,1052.0,707.0,0.5212738853503188,strict_success,Box includes small extra background on all sides; tighten slightly to the package edges.
vid_res_017_package_not_red_box_frame_03,examples/residence_images/vid_res_017_package_not_red_box_frame_03.jpg,success,,gpt_selected_refined_candidate,gpt_selected_initial_candidate,False,2,1,box,0.16499973833560944,0.82,True,adjust,0.78,True,applied,976.75,460.5,1131.75,587.5,979.85,464.31,1124.0,584.96,972.0,442.0,1146.0,603.0,0.6208216427500536,strict_success,"Box includes small background margins on all sides, especially right; minor inward tweaks will tightly fit the package."
vid_res_018_package_hidden_by_chair_frame_01,examples/residence_images/vid_res_018_package_hidden_by_chair_frame_01.jpg,success,,gpt_selected_refined_candidate,gpt_selected_initial_candidate,False,5,4,box,0.014853110536932945,0.73,True,adjust,0.64,False,not_applied,1018.25,625.75,1074.25,772.75,1018.25,625.75,1074.25,772.75,975.0,604.0,1088.0,801.0,0.36979470823413146,success,"Box includes some background on the right and bottom, and the left edge slightly cuts into the package near the chair occlusion. Minor tightening on all sides improves fit."
vid_res_018_package_hidden_by_chair_frame_02,examples/residence_images/vid_res_018_package_hidden_by_chair_frame_02.jpg,success,,gpt_selected_refined_candidate,gpt_selected_initial_candidate,False,5,2,box,0.020398536697030067,0.78,True,adjust,0.76,True,applied,969.0,588.75,1033.0,744.75,966.44,588.75,1031.08,741.63,917.0,566.0,1045.0,762.0,0.39389999999999925,success,Left edge trims the package slightly; right and bottom include a bit of background/adjacent box. Top is fine.
vid_res_018_package_hidden_by_chair_frame_03,examples/residence_images/vid_res_018_package_hidden_by_chair_frame_03.jpg,success,,gpt_selected_refined_candidate,gpt_selected_initial_candidate,False,5,2,box,0.04631181061267853,0.73,True,accept,0.86,False,not_applied,1111.0,563.25,1267.0,717.25,1111.0,563.25,1267.0,717.25,891.0,562.0,1037.0,761.0,0.0,poor,"The box closely hugs the package on all sides; right edge aligns with the occluding chair, and top/bottom/left edges are tight with minimal background."
vid_res_019_package_on_chair_frame_01,examples/residence_images/vid_res_019_package_on_chair_frame_01.jpg,success,,gpt_selected_refined_candidate,gpt_selected_initial_candidate,False,5,1,box,0.11564085632562637,0.82,True,adjust,0.82,True,applied,955.75,360.25,1161.75,469.25,961.93,363.52,1155.57,465.98,942.0,350.0,1176.0,479.0,0.6572700722189095,strict_success,Box is slightly loose with small margins on all sides; minor inward adjustments will tightly contain the package.
vid_res_019_package_on_chair_frame_02,examples/residence_images/vid_res_019_package_on_chair_frame_02.jpg,success,,gpt_selected_refined_candidate,gpt_selected_initial_candidate,False,4,1,box,0.14520417153835297,0.82,True,adjust,0.78,True,applied,978.5,343.0,1181.5,447.0,984.59,346.12,1175.41,442.84,963.0,330.0,1194.0,461.0,0.6098975711311588,strict_success,"Box is slightly loose on all sides, including extra chair background; minor tightening needed."
vid_res_019_package_on_chair_frame_03,examples/residence_images/vid_res_019_package_on_chair_frame_03.jpg,success,,gpt_selected_refined_candidate,gpt_selected_initial_candidate,False,4,1,box,0.15400108695030212,0.86,True,adjust,0.78,True,applied,1016.0,348.5,1226.0,467.5,1026.5,352.07,1217.6,465.12,999.0,336.0,1232.0,482.0,0.6350712857898757,strict_success,Box is correctly targeted but the bounds include small cushion margins on all sides; slight inward adjustments will tighten the fit.
vid_res_020_package_on_table_frame_01,examples/residence_images/vid_res_020_package_on_table_frame_01.jpg,success,,gpt_selected_refined_candidate,gpt_selected_initial_candidate,False,3,1,box,0.18024131655693054,0.82,True,adjust,0.86,True,applied,765.25,54.5,1027.25,194.5,770.49,57.3,1019.39,190.3,748.0,41.0,1036.0,206.0,0.6966266835016834,strict_success,"Box is correctly targeted but the crop leaves small margins on top, right, and bottom; slight inward trims (and a tiny left edge tighten) will better hug the package."
vid_res_020_package_on_table_frame_02,examples/residence_images/vid_res_020_package_on_table_frame_02.jpg,success,,gpt_selected_refined_candidate,gpt_selected_initial_candidate,False,3,1,box,0.18307249248027802,0.88,True,adjust,0.74,True,applied,723.75,77.25,964.75,203.25,726.16,79.77,957.52,196.95,703.0,57.0,985.0,217.0,0.6008591489361702,strict_success,"Box is slightly loose—extra space on right and bottom, small headroom on top; minor tighten on left."
vid_res_020_package_on_table_frame_03,examples/residence_images/vid_res_020_package_on_table_frame_03.jpg,success,,gpt_selected_refined_candidate,gpt_selected_initial_candidate,False,2,2,box,0.22523821890354156,0.78,True,adjust,0.78,True,applied,785.5,42.5,1034.5,183.5,790.48,45.32,1019.56,175.04,758.0,26.0,1055.0,195.0,0.5920398780706472,strict_success,The selected box is correct but slightly loose—extra space on the right and bottom (table area) and a small gap on the top/left. Minor inward adjustments will tightly contain the package.
vid_res_021_package_on_chair_frame_01,examples/residence_images/vid_res_021_package_on_chair_frame_01.jpg,failed,initial_selection,,,False,3,0,,,0.86,False,,,False,,,,,,,,,,572.0,327.0,796.0,511.0,0.0,failed,No candidate matches 'package on chair'; C1 and C3 are on tables and C2 is on the floor.
vid_res_021_package_on_chair_frame_02,examples/residence_images/vid_res_021_package_on_chair_frame_02.jpg,success,,gpt_selected_refined_candidate,gpt_selected_initial_candidate,False,3,1,box,0.14754855632781982,0.86,True,adjust,0.82,True,applied,580.25,341.5,763.25,487.5,585.74,345.88,755.93,481.66,554.0,330.0,780.0,501.0,0.5979505822077316,strict_success,Box includes small extra background on all sides; minor tightening improves fit around the package.
vid_res_021_package_on_chair_frame_03,examples/residence_images/vid_res_021_package_on_chair_frame_03.jpg,success,,gpt_selected_refined_candidate,gpt_coarse_region,False,2,1,box,0.13905346393585205,0.74,True,adjust,0.78,True,applied,590.0,322.0,740.0,477.0,593.0,325.1,732.5,470.8,561.0,311.0,760.0,488.0,0.5770419896090622,strict_success,"Box includes small background on right and bottom, with minor slack on left and top; slight inward trims make it tighter around the package."
vid_res_022_package_on_floor_frame_01,examples/residence_images/vid_res_022_package_on_floor_frame_01.jpg,success,,gpt_selected_refined_candidate,gpt_selected_initial_candidate,False,3,1,box,0.13763026893138885,0.78,True,adjust,0.77,True,applied,984.75,892.5,1187.75,1048.5,990.84,900.3,1179.63,1043.82,970.0,882.0,1197.0,1055.0,0.6899529118178811,strict_success,Box includes small margins of floor/background on all sides; slight inward adjustments will tightly bound the package.
vid_res_022_package_on_floor_frame_02,examples/residence_images/vid_res_022_package_on_floor_frame_02.jpg,success,,gpt_selected_refined_candidate,gpt_selected_initial_candidate,False,3,1,box,0.1399272382259369,0.82,True,adjust,0.78,True,applied,962.75,838.0,1143.75,967.0,968.18,841.87,1136.51,961.84,934.0,814.0,1173.0,985.0,0.49412880422814387,success,Box slightly loose on all sides; small inward tweaks will tightly contain the package.
vid_res_022_package_on_floor_frame_03,examples/residence_images/vid_res_022_package_on_floor_frame_03.jpg,success,,gpt_selected_refined_candidate,gpt_selected_initial_candidate,False,2,1,box,0.18947267532348633,0.86,True,adjust,0.78,True,applied,943.75,900.0,1152.75,1074.0,950.02,903.48,1146.48,1068.78,926.0,894.0,1165.0,1077.0,0.7425026407846903,strict_success,Box includes small margins of floor on all sides; slight inward tweaks will tightly fit the package.
vid_res_023_package_infront_of_the_books_frame_01,examples/residence_images/vid_res_023_package_infront_of_the_books_frame_01.jpg,success,,gpt_selected_refined_candidate,gpt_selected_initial_candidate,False,5,2,box,0.05707596614956856,0.78,True,adjust,0.78,True,applied,457.5,492.5,706.5,688.5,467.46,496.42,699.03,684.58,252.0,482.0,716.0,787.0,0.30788730356133415,success,"Box is correct target; minor extra background on all sides, especially left and right. Small inward adjustments will tighten around the package."
vid_res_023_package_infront_of_the_books_frame_02,examples/residence_images/vid_res_023_package_infront_of_the_books_frame_02.jpg,success,,gpt_selected_refined_candidate,gpt_selected_initial_candidate,False,5,2,box,0.05249303951859474,0.64,True,adjust,0.73,True,applied,451.5,506.5,707.5,706.5,464.3,510.5,702.38,700.5,241.0,485.0,729.0,816.0,0.2800455648556287,success,Box slightly loose; includes sliver of adjacent package on left and extra background on top/right/bottom. Small tighten on all sides.
vid_res_023_package_infront_of_the_books_frame_03,examples/residence_images/vid_res_023_package_infront_of_the_books_frame_03.jpg,success,,gpt_selected_refined_candidate,gpt_selected_initial_candidate,False,5,1,box,0.054392583668231964,0.7,True,adjust,0.76,True,applied,438.5,504.5,704.5,712.5,451.8,510.74,696.52,708.34,231.0,484.0,722.0,833.0,0.28219511084915294,success,Box slightly loose on all sides; small inward shifts will snugly fit the package.
vid_res_024_package_between_books_and_shoes_frame_01,examples/residence_images/vid_res_024_package_between_books_and_shoes_frame_01.jpg,success,,gpt_selected_refined_candidate,gpt_selected_initial_candidate,True,5,4,cardboard box,0.0656522661447525,0.77,True,adjust,0.7,True,applied,963.0,537.75,1182.0,695.75,956.43,537.75,1173.24,692.59,948.0,416.0,1225.0,709.0,0.4136329074309092,success,"Box slightly includes background on right and bottom, and clips a sliver on the left; small tweaks tighten around the package."
vid_res_024_package_between_books_and_shoes_frame_02,examples/residence_images/vid_res_024_package_between_books_and_shoes_frame_02.jpg,success,,gpt_selected_refined_candidate,gpt_selected_initial_candidate,True,5,2,cardboard box,0.12741045653820038,0.84,True,adjust,0.82,True,applied,966.5,429.75,1234.5,714.75,974.54,441.15,1223.78,706.2,942.0,416.0,1267.0,733.0,0.6412138995389469,strict_success,"Tighten box around the package; current box includes small margins on left, top, right, and bottom."
vid_res_024_package_between_books_and_shoes_frame_03,examples/residence_images/vid_res_024_package_between_books_and_shoes_frame_03.jpg,success,,gpt_selected_refined_candidate,gpt_selected_initial_candidate,True,5,2,cardboard box,0.12004784494638443,0.75,True,adjust,0.83,True,applied,975.0,422.75,1245.0,715.75,985.8,431.54,1236.9,704.03,956.0,414.0,1255.0,729.0,0.7264664118490208,strict_success,Box is slightly loose on all sides; minor inward adjustments tighten to the package edges.
vid_res_025_package_by_elevator_frame_01,examples/residence_images/vid_res_025_package_by_elevator_frame_01.jpg,success,,gpt_selected_refined_candidate,gpt_selected_initial_candidate,False,4,1,package by elevator,0.13083921372890472,0.86,True,adjust,0.76,True,applied,469.75,522.5,561.75,613.5,473.43,523.41,558.99,609.86,454.0,508.0,585.0,626.0,0.4785005822227975,success,"Slight extra background on left, right, and bottom; small trims will tightly bound the package."
vid_res_025_package_by_elevator_frame_02,examples/residence_images/vid_res_025_package_by_elevator_frame_02.jpg,success,,gpt_selected_refined_candidate,gpt_selected_initial_candidate,False,1,1,package by elevator,0.19165900349617004,0.8,True,adjust,0.75,True,applied,558.75,617.25,642.75,700.25,563.79,620.57,637.71,697.76,544.0,599.0,659.0,716.0,0.4240717056856189,success,Box is slightly loose on all sides; minor inward adjustments will better align with the package edges.
vid_res_025_package_by_elevator_frame_03,examples/residence_images/vid_res_025_package_by_elevator_frame_03.jpg,success,,gpt_selected_refined_candidate,gpt_selected_initial_candidate,False,1,1,package by elevator,0.13742473721504211,0.82,True,adjust,0.74,True,applied,550.75,614.0,635.75,695.0,555.85,614.0,631.5,691.76,541.0,590.0,649.0,710.0,0.4538999999999998,success,"Box is correct but current bounds include extra background on left, right, and bottom; small tightening needed."
vid_res_026_package_by_wall_frame_01,examples/residence_images/vid_res_026_package_by_wall_frame_01.jpg,success,,gpt_selected_refined_candidate,gpt_coarse_region,False,1,1,box,0.020618705078959465,0.83,True,adjust,0.74,True,applied,1279.0,508.0,1436.0,630.0,1286.85,510.44,1431.29,621.46,1264.0,504.0,1449.0,634.0,0.6667662702702708,strict_success,Box covers the package(s) but includes extra background on left and especially bottom; slight inward tightening on all sides improves fit.
vid_res_026_package_by_wall_frame_02,examples/residence_images/vid_res_026_package_by_wall_frame_02.jpg,success,,gpt_selected_refined_candidate,gpt_coarse_region,False,1,1,box,0.021763326600193977,0.82,True,adjust,0.79,True,applied,1309.5,614.0,1454.5,722.0,1313.85,618.32,1445.8,716.6,1293.0,605.0,1472.0,738.0,0.5447156718612173,strict_success,"Box is slightly loose on right, bottom, and top; minor trim on left for a tighter fit around the package."
vid_res_026_package_by_wall_frame_03,examples/residence_images/vid_res_026_package_by_wall_frame_03.jpg,success,,gpt_selected_refined_candidate,gpt_coarse_region,False,1,1,box,0.022301265969872475,0.82,True,adjust,0.78,True,applied,1283.0,615.0,1436.0,722.0,1286.06,617.14,1432.94,715.58,1278.0,606.0,1447.0,729.0,0.6955725790157318,strict_success,"Current box is slightly loose on all sides, especially bottom; small inward shifts will tightly bound the package."
vid_res_027_package_on_table_frame_01,examples/residence_images/vid_res_027_package_on_table_frame_01.jpg,success,,gpt_selected_refined_candidate,gpt_selected_initial_candidate,False,4,4,table,0.022332411259412766,0.8,True,adjust,0.73,True,applied,738.25,304.5,1462.25,469.5,752.73,312.75,1433.29,469.5,805.0,290.0,1169.0,435.0,0.3870865713780193,success,Box is slightly loose above and on the right; minor trim on the left. Bottom edge is acceptable given partial occlusion by chairs.
vid_res_027_package_on_table_frame_02,examples/residence_images/vid_res_027_package_on_table_frame_02.jpg,success,,gpt_selected_refined_candidate,gpt_selected_initial_candidate,False,3,3,table packages on,0.05319376289844513,0.78,True,adjust,0.73,True,applied,644.75,329.75,1393.75,491.75,667.22,334.61,1378.77,499.85,710.0,322.0,1064.0,483.0,0.4304315072160248,success,"Box slightly includes background on left, top, and right, and crops lower shelf; small shifts tighten around the table with packages on it."
vid_res_027_package_on_table_frame_03,examples/residence_images/vid_res_027_package_on_table_frame_03.jpg,success,,gpt_selected_refined_candidate,gpt_selected_initial_candidate,False,3,4,table packages on,0.05462593585252762,0.82,True,adjust,0.68,False,not_applied,650.0,337.5,1371.0,483.5,650.0,337.5,1371.0,483.5,689.0,324.0,1071.0,475.0,0.4756708294467638,success,The box includes extra background above the tabletop and below the shelf/legs area; horizontal edges look tight. Small vertical tightening improves fit around the table.
vid_res_028_package_by_door_right_frame_01,examples/residence_images/vid_res_028_package_by_door_right_frame_01.jpg,success,,gpt_selected_refined_candidate,gpt_selected_initial_candidate,False,2,1,box,0.20277917385101318,0.78,True,adjust,0.73,True,applied,630.0,770.75,793.0,880.75,631.63,774.05,786.48,875.25,615.0,751.0,818.0,891.0,0.5514011259676287,strict_success,"Package is correct; box has slight extra margins (top, right, bottom). Small inward tweaks tighten containment."
vid_res_028_package_by_door_right_frame_02,examples/residence_images/vid_res_028_package_by_door_right_frame_02.jpg,success,,gpt_selected_refined_candidate,gpt_selected_initial_candidate,False,2,1,box,0.138029083609581,0.86,True,adjust,0.77,True,applied,643.75,795.25,803.75,903.25,650.15,798.49,798.95,898.93,633.0,776.0,813.0,911.0,0.61504,strict_success,Box includes small margins of floor/background on all sides; slight inward trim will tightly contain the package.
vid_res_028_package_by_door_right_frame_03,examples/residence_images/vid_res_028_package_by_door_right_frame_03.jpg,success,,gpt_selected_refined_candidate,gpt_selected_initial_candidate,False,2,1,box,0.057492464780807495,0.66,True,adjust,0.68,False,not_applied,983.75,687.0,1087.75,767.0,983.75,687.0,1087.75,767.0,619.0,765.0,810.0,898.0,0.0,poor,Box crops into the package; small outward expansion on all sides will tightly include the full package.
vid_res_029_package_by_door_left_frame_01,examples/residence_images/vid_res_029_package_by_door_left_frame_01.jpg,success,,gpt_selected_refined_candidate,gpt_selected_initial_candidate,False,2,1,box,0.15789765119552612,0.72,True,adjust,0.86,True,applied,808.5,636.25,938.5,740.25,811.1,638.33,934.6,732.97,794.0,624.0,946.0,754.0,0.5914999999999999,strict_success,"Box is correctly selected but the current bounds leave extra background, especially on the bottom and right. Small inward adjustments will tighten around the package."
vid_res_029_package_by_door_left_frame_02,examples/residence_images/vid_res_029_package_by_door_left_frame_02.jpg,success,,gpt_selected_refined_candidate,gpt_selected_initial_candidate,False,1,1,box,0.13233670592308044,0.78,True,adjust,0.82,True,applied,787.5,651.75,906.5,744.75,791.07,653.61,902.93,740.1,772.0,641.0,912.0,754.0,0.6115531858407075,strict_success,"Box is correctly selected but the crop is a bit loose on all sides, especially the bottom; small inward shifts will tightly bound the package."
vid_res_029_package_by_door_left_frame_03,examples/residence_images/vid_res_029_package_by_door_left_frame_03.jpg,success,,gpt_selected_refined_candidate,gpt_selected_initial_candidate,False,2,1,box,0.1594843566417694,0.67,True,adjust,0.78,True,applied,818.0,610.25,946.0,712.25,823.12,613.31,942.16,707.15,805.0,598.0,953.0,720.0,0.6186704474966771,strict_success,Box is correctly selected but the frame is slightly loose on all sides; small inward adjustments will better hug the package.
vid_res_030_second_closest_package_frame_01,examples/residence_images/vid_res_030_second_closest_package_frame_01.jpg,success,,gpt_selected_refined_candidate,gpt_coarse_region,True,2,1,box,0.014923184178769588,0.74,True,adjust,0.68,False,not_applied,729.5,770.25,861.5,843.25,729.5,770.25,861.5,843.25,717.0,755.0,879.0,885.0,0.45754985754985755,success,Box slightly extends past the package on the right and includes a bit of the lower package; minor trim on right and bottom and a small top nudge tighten the fit.
vid_res_030_second_closest_package_frame_02,examples/residence_images/vid_res_030_second_closest_package_frame_02.jpg,success,,initial_candidate_retained_after_local_refinement,gpt_selected_initial_candidate,True,1,1,cardboard box,0.13390450179576874,0.62,True,adjust,0.72,True,applied,781.0,650.0,911.0,747.0,786.2,651.94,907.1,745.06,701.0,747.0,854.0,861.0,0.0,poor,Box is slightly loose on all sides; small inward tweaks make edges tighter without cutting the package.
vid_res_030_second_closest_package_frame_03,examples/residence_images/vid_res_030_second_closest_package_frame_03.jpg,success,,initial_candidate_retained_after_local_refinement,gpt_selected_initial_candidate,True,2,1,cardboard box,0.10541336238384247,0.8,True,adjust,0.79,True,applied,798.0,613.0,950.0,716.0,805.6,618.15,945.44,710.85,730.0,720.0,888.0,839.0,0.0,poor,Box includes small padding on all sides; tighten slightly for a snug fit.
vid_res_031_package_in_front_frame_01,examples/residence_images/vid_res_031_package_in_front_frame_01.jpg,success,,gpt_selected_refined_candidate,gpt_selected_initial_candidate,False,2,2,box,0.12851367890834808,0.72,True,adjust,0.75,True,applied,695.25,830.5,850.25,933.5,698.35,831.53,845.6,931.44,679.0,816.0,861.0,952.0,0.5943660108274084,strict_success,Box fits the package but has slight extra space on right and bottom; minor tightening on all sides improves fit.
vid_res_031_package_in_front_frame_02,examples/residence_images/vid_res_031_package_in_front_frame_02.jpg,success,,gpt_selected_refined_candidate,gpt_selected_initial_candidate,False,1,1,box,0.13233670592308044,0.66,True,adjust,0.76,True,applied,787.5,651.75,906.5,744.75,791.07,653.61,904.12,742.89,668.0,808.0,833.0,912.0,0.0,poor,Box is correct but margins are slightly loose on all sides; small tighten to fit the package edges.
vid_res_031_package_in_front_frame_03,examples/residence_images/vid_res_031_package_in_front_frame_03.jpg,success,,gpt_selected_refined_candidate,gpt_selected_initial_candidate,False,2,2,box,0.13169798254966736,0.72,True,adjust,0.78,True,applied,712.75,791.25,861.75,890.25,715.73,792.24,855.79,887.28,700.0,783.0,871.0,897.0,0.6828409972299165,strict_success,"Box slightly loose, especially on right and bottom; small trims on all sides for a tighter fit."
vid_res_032_packages_by_chair_frame_01,examples/residence_images/vid_res_032_packages_by_chair_frame_01.jpg,success,,gpt_selected_refined_candidate,gpt_selected_initial_candidate,False,2,1,chair,0.17954573035240173,0.78,True,adjust,0.8,True,applied,1081.5,287.75,1305.5,719.75,1081.5,287.75,1296.54,706.79,949.0,665.0,1121.0,830.0,0.014127951485266509,poor,Box slightly loose on the right and bottom; small trims make it tighter around the chair. Left and top edges are already close.
vid_res_032_packages_by_chair_frame_02,examples/residence_images/vid_res_032_packages_by_chair_frame_02.jpg,success,,gpt_selected_refined_candidate,gpt_selected_initial_candidate,False,2,1,chair,0.1726786196231842,0.76,True,adjust,0.78,True,applied,1071.5,333.25,1287.5,746.25,1075.82,341.51,1283.18,733.86,948.0,697.0,1125.0,849.0,0.017029527209525185,poor,Box includes small background margins on all sides; slight inward adjustments will tightly contain the chair.
vid_res_032_packages_by_chair_frame_03,examples/residence_images/vid_res_032_packages_by_chair_frame_03.jpg,success,,gpt_selected_refined_candidate,gpt_selected_initial_candidate,False,3,1,chair,0.13896444439888,0.68,True,adjust,0.73,True,applied,1068.5,296.75,1293.5,725.75,1075.25,313.91,1282.25,708.59,969.0,671.0,1111.0,832.0,0.01301959535848376,poor,"Box includes extra background on all sides, especially right and top; small inward trims will tightly frame the chair without cutting it off."
vid_res_033_man_in_blue_frame_01,examples/residence_images/vid_res_033_man_in_blue_frame_01.jpg,success,,gpt_selected_refined_candidate,gpt_selected_initial_candidate,False,5,5,person,0.042804375290870667,0.8,True,adjust,0.78,True,applied,1126.0,267.5,1241.0,958.5,1128.3,308.96,1237.55,944.68,1096.0,249.0,1297.0,973.0,0.4772574283279734,success,Box contains the man in blue but has small extra margins—especially above the head and on the right side. Minor tightening on all sides improves fit.
vid_res_033_man_in_blue_frame_02,examples/residence_images/vid_res_033_man_in_blue_frame_02.jpg,success,,gpt_selected_refined_candidate,gpt_coarse_region,False,1,4,person,0.042791470885276794,0.78,False,adjust,0.84,True,applied,1177.0,270.5,1304.0,964.5,1183.35,277.44,1300.19,950.62,1153.0,258.0,1344.0,977.0,0.5727439302696452,strict_success,"Slightly loose on all sides; trim left to exclude adjacent person, right to remove background, and tighten small top/bottom margins."
vid_res_033_man_in_blue_frame_03,examples/residence_images/vid_res_033_man_in_blue_frame_03.jpg,success,,gpt_selected_refined_candidate,gpt_selected_initial_candidate,False,5,2,person,0.06495831906795502,0.68,True,adjust,0.74,True,applied,1534.75,366.5,1629.75,670.5,1538.55,366.5,1624.05,655.3,1326.0,266.0,1539.0,1017.0,0.0007042931316137934,poor,"Person is fully inside but the box has extra space on the left, right, and below; small tightening improves fit."
vid_res_034_man_in_grey_frame_01,examples/residence_images/vid_res_034_man_in_grey_frame_01.jpg,success,,gpt_selected_refined_candidate,gpt_selected_initial_candidate,False,2,2,person man in grey,0.0767051950097084,0.86,True,adjust,0.78,True,applied,898.5,227.25,1161.5,1033.25,906.39,251.43,1150.98,1009.07,878.0,204.0,1183.0,1047.0,0.7207326200338372,strict_success,Box includes small extra background on all sides; slight inward adjustments will snugly fit the man in grey.
vid_res_034_man_in_grey_frame_02,examples/residence_images/vid_res_034_man_in_grey_frame_02.jpg,success,,gpt_selected_refined_candidate,gpt_selected_initial_candidate,False,2,2,person man in grey,0.07934211194515228,0.86,False,adjust,0.77,True,applied,996.75,240.5,1261.75,1050.5,1004.7,256.7,1248.5,1018.1,987.0,238.0,1279.0,1068.0,0.7659239148374319,strict_success,"Box includes extra background, particularly on the right and bottom, and slight slack on left/top. Small inward adjustments will tightly contain the man in grey."
vid_res_034_man_in_grey_frame_03,examples/residence_images/vid_res_034_man_in_grey_frame_03.jpg,success,,gpt_selected_refined_candidate,gpt_selected_initial_candidate,False,3,2,person man in grey,0.07587404549121857,0.86,False,adjust,0.82,True,applied,1120.75,248.0,1395.75,1068.0,1126.25,256.2,1379.25,1051.6,1110.0,221.0,1411.0,1073.0,0.784693431909285,strict_success,"Box is slightly loose, especially on the right and bottom; small trims will better fit the man in grey without cutting off parts."
vid_res_035_woman_white_top_frame_01,examples/residence_images/vid_res_035_woman_white_top_frame_01.jpg,success,,gpt_selected_refined_candidate,gpt_selected_initial_candidate,False,5,1,person,0.06420067697763443,0.78,True,adjust,0.72,True,applied,58.0,282.5,201.0,858.5,63.72,317.06,196.71,846.98,29.0,274.0,221.0,887.0,0.5987804241435564,strict_success,"Box includes small extra space, especially above the head and along the left where background/occluder is inside; minor tightening on all sides."
vid_res_035_woman_white_top_frame_02,examples/residence_images/vid_res_035_woman_white_top_frame_02.jpg,success,,gpt_selected_refined_candidate,gpt_selected_initial_candidate,False,5,1,person,0.1261025071144104,0.68,False,adjust,0.71,True,applied,937.25,364.25,1016.25,597.25,939.62,368.91,1009.93,594.92,154.0,290.0,347.0,884.0,0.0,poor,Box contains the person but has extra space on the right and slight margins on left/top; minor tightening improves fit.
vid_res_035_woman_white_top_frame_03,examples/residence_images/vid_res_035_woman_white_top_frame_03.jpg,success,,gpt_selected_refined_candidate,gpt_selected_initial_candidate,False,5,2,person,0.08154331892728806,0.72,True,adjust,0.77,True,applied,330.0,319.75,465.0,867.75,336.75,319.75,460.95,867.75,302.0,312.0,473.0,874.0,0.708222513579322,strict_success,Box includes small extra background on left and right; top and bottom already tight around head and feet.
vid_res_036_elevator_button_panel_frame_01,examples/residence_images/vid_res_036_elevator_button_panel_frame_01.jpg,success,,initial_candidate_retained_after_local_refinement,gpt_selected_initial_candidate,False,4,2,button panel,0.024874510243535042,0.74,False,accept,0.86,False,not_applied,865.0,189.0,1206.0,1032.0,865.0,189.0,1206.0,1032.0,824.0,162.0,1253.0,1063.0,0.7437035772218902,strict_success,Box tightly contains the entire elevator button panel with minimal extra background and no cutoff.
vid_res_036_elevator_button_panel_frame_02,examples/residence_images/vid_res_036_elevator_button_panel_frame_02.jpg,success,,gpt_selected_refined_candidate,gpt_selected_initial_candidate,False,1,2,button panel,0.010524829849600792,0.86,True,adjust,0.78,True,applied,894.0,311.75,1040.0,867.75,898.38,311.75,1037.08,851.07,842.0,286.0,1098.0,902.0,0.4743537185470777,success,"Box slightly includes surrounding wall on left, right, and a bit below the panel; minor tightening keeps it snug to the elevator button panel."
vid_res_036_elevator_button_panel_frame_03,examples/residence_images/vid_res_036_elevator_button_panel_frame_03.jpg,success,,gpt_selected_refined_candidate,gpt_selected_initial_candidate,False,1,5,button panel,0.007971039041876793,0.84,False,adjust,0.78,True,applied,989.25,101.25,1304.25,1043.25,1008.15,120.09,1297.95,1024.41,1026.0,236.0,1293.0,933.0,0.7101065563922111,strict_success,Current box includes extra wall on the left and slight margins above and below the panel; small inward shifts will better hug the elevator button panel.
