image_id,frame_key,annotation_id,image_path,annotated_image_path,grounding_prompt,target_object,target_label,target_type,command,filename_description,prompt_source,raw_width,raw_height,annotated_width,annotated_height,source_x_min,source_y_min,source_x_max,source_y_max,scale_x_to_raw,scale_y_to_raw,green_pixel_count,box_area_ratio,selected_tolerance,coordinate_source,aspect_ratio_relative_difference,warning,gt_x_min,gt_y_min,gt_x_max,gt_y_max,ground_truth_source,source_command,parsed_action,parsed_target_object,parsed_location_hint,parsed_grounding_prompt,model_grounding_prompt,parser_candidate_prompts,parser_source,parser_confidence,original_grounding_prompt,original_target_object
vid_res_001_man_in_lobby_by_door_frame_01,vid_res_001_frame_01,vid_res_001_man_by_door_frame_01,examples/residence_images/vid_res_001_man_in_lobby_by_door_frame_01.jpg,examples/ground_truth_annotated/vid_res_001_man_by_door_frame_01.jpg,person by door,person,person,person,find man by door,man by door,generated_from_current_ground_truth_annotation_filename,1920,1088,1920,1088,966,267,1185,852,1.0,1.0,7955,0.06133,35,annotation_auto_extract,0.0,,966,267,1185,852,ground_truth_boxes.csv,find man by door,find,person,by door,person by door,person by door,person by door | person | human | person near door,rule_based_text_parser,0.9,man by door,person
vid_res_001_man_in_lobby_by_door_frame_02,vid_res_001_frame_02,vid_res_001_man_by_door_frame_02,examples/residence_images/vid_res_001_man_in_lobby_by_door_frame_02.jpg,examples/ground_truth_annotated/vid_res_001_man_by_door_frame_02.jpg,person by door,person,person,person,find man by door,man by door,generated_from_current_ground_truth_annotation_filename,1920,1088,1920,1088,966,259,1173,843,1.0,1.0,7822,0.05787,35,annotation_auto_extract,0.0,,966,259,1173,843,ground_truth_boxes.csv,find man by door,find,person,by door,person by door,person by door,person by door | person | human | person near door,rule_based_text_parser,0.9,man by door,person
vid_res_001_man_in_lobby_by_door_frame_03,vid_res_001_frame_03,vid_res_001_man_by_door_frame_03,examples/residence_images/vid_res_001_man_in_lobby_by_door_frame_03.jpg,examples/ground_truth_annotated/vid_res_001_man_by_door_frame_03.jpg,person by door,person,person,person,find man by door,man by door,generated_from_current_ground_truth_annotation_filename,1920,1088,1920,1088,1056,196,1261,764,1.0,1.0,7658,0.055741,35,annotation_auto_extract,0.0,,1056,196,1261,764,ground_truth_boxes.csv,find man by door,find,person,by door,person by door,person by door,person by door | person | human | person near door,rule_based_text_parser,0.9,man by door,person
vid_res_002_girl_sitting_in_lounge_frame_01,vid_res_002_frame_01,vid_res_002_girl_sitting_in_lounge_frame_01,examples/residence_images/vid_res_002_girl_sitting_in_lounge_frame_01.jpg,examples/ground_truth_annotated/vid_res_002_girl_sitting_in_lounge_frame_01.jpg,person girl sitting in lounge,person,person,person,find girl sitting in lounge,girl sitting in lounge,generated_from_current_ground_truth_annotation_filename,1920,1088,1920,1088,1152,273,1328,602,1.0,1.0,4930,0.027719,35,annotation_auto_extract,0.0,,1152,273,1328,602,ground_truth_boxes.csv,find girl sitting in lounge,find,person,girl sitting in lounge,person girl sitting in lounge,person girl sitting in lounge,person girl sitting in lounge | person | human | person near lounge | person by lounge,rule_based_text_parser,0.9,girl sitting in lounge,person
vid_res_002_girl_sitting_in_lounge_frame_02,vid_res_002_frame_02,vid_res_002_girl_sitting_in_lounge_frame_02,examples/residence_images/vid_res_002_girl_sitting_in_lounge_frame_02.jpg,examples/ground_truth_annotated/vid_res_002_girl_sitting_in_lounge_frame_02.jpg,person girl sitting in lounge,person,person,person,find girl sitting in lounge,girl sitting in lounge,generated_from_current_ground_truth_annotation_filename,1920,1088,1920,1088,1175,268,1369,600,1.0,1.0,5151,0.030833,35,annotation_auto_extract,0.0,,1175,268,1369,600,ground_truth_boxes.csv,find girl sitting in lounge,find,person,girl sitting in lounge,person girl sitting in lounge,person girl sitting in lounge,person girl sitting in lounge | person | human | person near lounge | person by lounge,rule_based_text_parser,0.9,girl sitting in lounge,person
vid_res_002_girl_sitting_in_lounge_frame_03,vid_res_002_frame_03,vid_res_002_girl_sitting_in_lounge_frame_03,examples/residence_images/vid_res_002_girl_sitting_in_lounge_frame_03.jpg,examples/ground_truth_annotated/vid_res_002_girl_sitting_in_lounge_frame_03.jpg,person girl sitting in lounge,person,person,person,find girl sitting in lounge,girl sitting in lounge,generated_from_current_ground_truth_annotation_filename,1920,1088,1920,1088,1202,268,1377,595,1.0,1.0,4898,0.027394,35,annotation_auto_extract,0.0,,1202,268,1377,595,ground_truth_boxes.csv,find girl sitting in lounge,find,person,girl sitting in lounge,person girl sitting in lounge,person girl sitting in lounge,person girl sitting in lounge | person | human | person near lounge | person by lounge,rule_based_text_parser,0.9,girl sitting in lounge,person
vid_res_004_table_with_flower_on_top_frame_01,vid_res_004_frame_01,vid_res_004_table_with_flower_on_top_frame_01,examples/residence_images/vid_res_004_table_with_flower_on_top_frame_01.jpg,examples/ground_truth_annotated/vid_res_004_table_with_flower_on_top_frame_01.jpg,table on top,table,table,object,find table flower on top,table flower on top,generated_from_current_ground_truth_annotation_filename,1920,1080,1920,1080,896,347,1029,558,1.0,1.0,3383,0.013533,35,annotation_auto_extract,0.0,,896,347,1029,558,ground_truth_boxes.csv,find table flower on top,find,table,on top,table on top,table on top,table on top | table | desk,rule_based_text_parser,0.9,table flower on top,table
vid_res_004_table_with_flower_on_top_frame_02,vid_res_004_frame_02,vid_res_004_table_with_flower_on_top_frame_02,examples/residence_images/vid_res_004_table_with_flower_on_top_frame_02.jpg,examples/ground_truth_annotated/vid_res_004_table_with_flower_on_top_frame_02.jpg,table on top,table,table,object,find table flower on top,table flower on top,generated_from_current_ground_truth_annotation_filename,1920,1080,1920,1080,890,350,1031,555,1.0,1.0,3416,0.01394,35,annotation_auto_extract,0.0,,890,350,1031,555,ground_truth_boxes.csv,find table flower on top,find,table,on top,table on top,table on top,table on top | table | desk,rule_based_text_parser,0.9,table flower on top,table
vid_res_004_table_with_flower_on_top_frame_03,vid_res_004_frame_03,vid_res_004_table_with_flower_on_top_frame_03,examples/residence_images/vid_res_004_table_with_flower_on_top_frame_03.jpg,examples/ground_truth_annotated/vid_res_004_table_with_flower_on_top_frame_03.jpg,table on top,table,table,object,find table flower on top,table flower on top,generated_from_current_ground_truth_annotation_filename,1920,1080,1920,1080,900,346,1024,549,1.0,1.0,3186,0.012139,35,annotation_auto_extract,0.0,,900,346,1024,549,ground_truth_boxes.csv,find table flower on top,find,table,on top,table on top,table on top,table on top | table | desk,rule_based_text_parser,0.9,table flower on top,table
vid_res_005_under_the_painting_frame_01,vid_res_005_frame_01,vid_res_005_white_wall_under_painting_frame_01,examples/residence_images/vid_res_005_under_the_painting_frame_01.jpg,examples/ground_truth_annotated/vid_res_005_white_wall_under_painting_frame_01.jpg,wall under painting,wall,wall,object,find white wall under painting,white wall under painting,generated_from_current_ground_truth_annotation_filename,1920,1080,1920,1080,1218,282,1405,479,1.0,1.0,3745,0.017766,35,annotation_auto_extract,0.0,,1218,282,1405,479,ground_truth_boxes.csv,find white wall under painting,find,wall,under painting,wall under painting,wall under painting,wall under painting | wall,rule_based_text_parser,0.9,white wall under painting,wall
vid_res_005_under_the_painting_frame_02,vid_res_005_frame_02,vid_res_005_white_wall_under_painting_frame_02,examples/residence_images/vid_res_005_under_the_painting_frame_02.jpg,examples/ground_truth_annotated/vid_res_005_white_wall_under_painting_frame_02.jpg,wall under painting,wall,wall,object,find white wall under painting,white wall under painting,generated_from_current_ground_truth_annotation_filename,1920,1080,1920,1080,1072,483,1280,713,1.0,1.0,4304,0.023071,35,annotation_auto_extract,0.0,,1072,483,1280,713,ground_truth_boxes.csv,find white wall under painting,find,wall,under painting,wall under painting,wall under painting,wall under painting | wall,rule_based_text_parser,0.9,white wall under painting,wall
vid_res_005_under_the_painting_frame_03,vid_res_005_frame_03,vid_res_005_wall_under_painting_frame_03,examples/residence_images/vid_res_005_under_the_painting_frame_03.jpg,examples/ground_truth_annotated/vid_res_005_wall_under_painting_frame_03.jpg,wall under painting,wall,wall,object,find wall under painting,wall under painting,generated_from_current_ground_truth_annotation_filename,1920,1080,1920,1080,1005,544,1251,826,1.0,1.0,5198,0.033455,35,annotation_auto_extract,0.0,,1005,544,1251,826,ground_truth_boxes.csv,find wall under painting,find,wall,under painting,wall under painting,wall under painting,wall under painting | wall,rule_based_text_parser,0.9,wall under painting,wall
vid_res_006_man_by_the_elevator_green_shirt_frame_01,vid_res_006_frame_01,vid_res_006_man_by_the_elevator_green_shirt_frame_01,examples/residence_images/vid_res_006_man_by_the_elevator_green_shirt_frame_01.jpg,examples/ground_truth_annotated/vid_res_006_man_by_the_elevator_green_shirt_frame_01.jpg,person by elevator,person,person,person,find man by the elevator green shirt,man by the elevator green shirt,generated_from_current_ground_truth_annotation_filename,1920,1080,1920,1080,806,138,1123,1073,1.0,1.0,12455,0.142937,35,annotation_auto_extract,0.0,,806,138,1123,1073,ground_truth_boxes.csv,find man by the elevator green shirt,find,person,by elevator green shirt,person by elevator,person by elevator,person by elevator | person | human | person near elevator,rule_based_text_parser,0.9,man by the elevator green shirt,person
vid_res_006_man_by_the_elevator_green_shirt_frame_02,vid_res_006_frame_02,vid_res_006_man_by_the_elevator_green_shirt_frame_02,examples/residence_images/vid_res_006_man_by_the_elevator_green_shirt_frame_02.jpg,examples/ground_truth_annotated/vid_res_006_man_by_the_elevator_green_shirt_frame_02.jpg,person by elevator,person,person,person,find man by the elevator green shirt,man by the elevator green shirt,generated_from_current_ground_truth_annotation_filename,1920,1080,1920,1080,812,130,1137,1077,1.0,1.0,12646,0.148425,35,annotation_auto_extract,0.0,box touches right or bottom edge,812,130,1137,1077,ground_truth_boxes.csv,find man by the elevator green shirt,find,person,by elevator green shirt,person by elevator,person by elevator,person by elevator | person | human | person near elevator,rule_based_text_parser,0.9,man by the elevator green shirt,person
vid_res_006_man_by_the_elevator_green_shirt_frame_03,vid_res_006_frame_03,vid_res_006_man_by_the_elevator_green_shirt_frame_03,examples/residence_images/vid_res_006_man_by_the_elevator_green_shirt_frame_03.jpg,examples/ground_truth_annotated/vid_res_006_man_by_the_elevator_green_shirt_frame_03.jpg,person by elevator,person,person,person,find man by the elevator green shirt,man by the elevator green shirt,generated_from_current_ground_truth_annotation_filename,1920,1080,1920,1080,798,132,1139,1073,1.0,1.0,12822,0.154746,35,annotation_auto_extract,0.0,,798,132,1139,1073,ground_truth_boxes.csv,find man by the elevator green shirt,find,person,by elevator green shirt,person by elevator,person by elevator,person by elevator | person | human | person near elevator,rule_based_text_parser,0.9,man by the elevator green shirt,person
vid_res_007_man_standing_by_table_frame_01,vid_res_007_frame_01,vid_res_007_man_standing_by_table_frame_01,examples/residence_images/vid_res_007_man_standing_by_table_frame_01.jpg,examples/ground_truth_annotated/vid_res_007_man_standing_by_table_frame_01.jpg,person by table,person,person,person,find man standing by table,man standing by table,generated_from_current_ground_truth_annotation_filename,1920,1080,1920,1080,686,186,963,920,1.0,1.0,10048,0.098051,35,annotation_auto_extract,0.0,,686,186,963,920,ground_truth_boxes.csv,find man standing by table,find,person,by table,person by table,person by table,person by table | person | human | person near table,rule_based_text_parser,0.9,man standing by table,person
vid_res_007_man_standing_by_table_frame_02,vid_res_007_frame_02,vid_res_007_man_standing_by_table_frame_02,examples/residence_images/vid_res_007_man_standing_by_table_frame_02.jpg,examples/ground_truth_annotated/vid_res_007_man_standing_by_table_frame_02.jpg,person by table,person,person,person,find man standing by table,man standing by table,generated_from_current_ground_truth_annotation_filename,1920,1080,1920,1080,672,179,971,999,1.0,1.0,11108,0.118239,35,annotation_auto_extract,0.0,,672,179,971,999,ground_truth_boxes.csv,find man standing by table,find,person,by table,person by table,person by table,person by table | person | human | person near table,rule_based_text_parser,0.9,man standing by table,person
vid_res_007_man_standing_by_table_frame_03,vid_res_007_frame_03,vid_res_007_man_standing_by_table_frame_03,examples/residence_images/vid_res_007_man_standing_by_table_frame_03.jpg,examples/ground_truth_annotated/vid_res_007_man_standing_by_table_frame_03.jpg,person by table,person,person,person,find man standing by table,man standing by table,generated_from_current_ground_truth_annotation_filename,1920,1080,1920,1080,670,181,963,993,1.0,1.0,10996,0.114736,35,annotation_auto_extract,0.0,,670,181,963,993,ground_truth_boxes.csv,find man standing by table,find,person,by table,person by table,person by table,person by table | person | human | person near table,rule_based_text_parser,0.9,man standing by table,person
vid_res_008_man_standing_by_water_dispenser_frame_01,vid_res_008_frame_01,vid_res_008_man_standing_by_water_dispenser_frame_01,examples/residence_images/vid_res_008_man_standing_by_water_dispenser_frame_01.jpg,examples/ground_truth_annotated/vid_res_008_man_standing_by_water_dispenser_frame_01.jpg,person by water dispenser,person,person,person,find man standing by water dispenser,man standing by water dispenser,generated_from_current_ground_truth_annotation_filename,1920,1080,1920,1080,976,272,1203,693,1.0,1.0,6418,0.046087,35,annotation_auto_extract,0.0,,976,272,1203,693,ground_truth_boxes.csv,find man standing by water dispenser,find,person,by water dispenser,person by water dispenser,person by water dispenser,person by water dispenser | person | human | person near water dispenser,rule_based_text_parser,0.9,man standing by water dispenser,person
vid_res_008_man_standing_by_water_dispenser_frame_02,vid_res_008_frame_02,vid_res_008_man_standing_by_water_dispenser_frame_02,examples/residence_images/vid_res_008_man_standing_by_water_dispenser_frame_02.jpg,examples/ground_truth_annotated/vid_res_008_man_standing_by_water_dispenser_frame_02.jpg,person by water dispenser,person,person,person,find man standing by water dispenser,man standing by water dispenser,generated_from_current_ground_truth_annotation_filename,1920,1080,1920,1080,1074,238,1283,665,1.0,1.0,6366,0.043038,35,annotation_auto_extract,0.0,,1074,238,1283,665,ground_truth_boxes.csv,find man standing by water dispenser,find,person,by water dispenser,person by water dispenser,person by water dispenser,person by water dispenser | person | human | person near water dispenser,rule_based_text_parser,0.9,man standing by water dispenser,person
vid_res_008_man_standing_by_water_dispenser_frame_03,vid_res_008_frame_03,vid_res_008_man_standing_by_water_dispenser_frame_03,examples/residence_images/vid_res_008_man_standing_by_water_dispenser_frame_03.jpg,examples/ground_truth_annotated/vid_res_008_man_standing_by_water_dispenser_frame_03.jpg,person by water dispenser,person,person,person,find man standing by water dispenser,man standing by water dispenser,generated_from_current_ground_truth_annotation_filename,1920,1080,1920,1080,1074,222,1305,671,1.0,1.0,6730,0.050019,35,annotation_auto_extract,0.0,,1074,222,1305,671,ground_truth_boxes.csv,find man standing by water dispenser,find,person,by water dispenser,person by water dispenser,person by water dispenser,person by water dispenser | person | human | person near water dispenser,rule_based_text_parser,0.9,man standing by water dispenser,person
vid_res_009_door_on_the_right_frame_01,vid_res_009_frame_01,vid_res_009_door_on_the_right_frame_01,examples/residence_images/vid_res_009_door_on_the_right_frame_01.jpg,examples/ground_truth_annotated/vid_res_009_door_on_the_right_frame_01.jpg,door on right,door,door,object,find door on the right,door on the right,generated_from_current_ground_truth_annotation_filename,1920,1080,1920,1080,1214,5,1459,1072,1.0,1.0,13056,0.126068,35,annotation_auto_extract,0.0,,1214,5,1459,1072,ground_truth_boxes.csv,find door on the right,find,door,on right,door on right,door on right,door on right | door | apartment door | hallway door,rule_based_text_parser,0.9,door on the right,door
vid_res_009_door_on_the_right_frame_02,vid_res_009_frame_02,vid_res_009_door_on_the_right_frame_02,examples/residence_images/vid_res_009_door_on_the_right_frame_02.jpg,examples/ground_truth_annotated/vid_res_009_door_on_the_right_frame_02.jpg,door on right,door,door,object,find door on the right,door on the right,generated_from_current_ground_truth_annotation_filename,1920,1080,1920,1080,1214,6,1472,1025,1.0,1.0,12695,0.126785,35,annotation_auto_extract,0.0,,1214,6,1472,1025,ground_truth_boxes.csv,find door on the right,find,door,on right,door on right,door on right,door on right | door | apartment door | hallway door,rule_based_text_parser,0.9,door on the right,door
vid_res_009_door_on_the_right_frame_03,vid_res_009_frame_03,vid_res_009_door_on_the_right_frame_03,examples/residence_images/vid_res_009_door_on_the_right_frame_03.jpg,examples/ground_truth_annotated/vid_res_009_door_on_the_right_frame_03.jpg,door on right,door,door,object,find door on the right,door on the right,generated_from_current_ground_truth_annotation_filename,1920,1080,1920,1080,1174,3,1463,1076,1.0,1.0,13547,0.149545,35,annotation_auto_extract,0.0,,1174,3,1463,1076,ground_truth_boxes.csv,find door on the right,find,door,on right,door on right,door on right,door on right | door | apartment door | hallway door,rule_based_text_parser,0.9,door on the right,door
vid_res_010_door_at_end_of_hallway_frame_01,vid_res_010_frame_01,vid_res_010_door_at_end_of_hallway_frame_01,examples/residence_images/vid_res_010_door_at_end_of_hallway_frame_01.jpg,examples/ground_truth_annotated/vid_res_010_door_at_end_of_hallway_frame_01.jpg,door at hallway,door,door,object,find door at end of hallway,door at end of hallway,generated_from_current_ground_truth_annotation_filename,1920,1080,1920,1080,680,17,1083,801,1.0,1.0,11809,0.152369,35,annotation_auto_extract,0.0,,680,17,1083,801,ground_truth_boxes.csv,find door at end of hallway,find,door,at end of hallway,door at hallway,door at hallway,door at hallway | door | apartment door | hallway door | door near hallway | door by hallway,rule_based_text_parser,0.9,door at end of hallway,door
vid_res_010_door_at_end_of_hallway_frame_02,vid_res_010_frame_02,vid_res_010_door_at_end_of_hallway_frame_02,examples/residence_images/vid_res_010_door_at_end_of_hallway_frame_02.jpg,examples/ground_truth_annotated/vid_res_010_door_at_end_of_hallway_frame_02.jpg,door at hallway,door,door,object,find door at end of hallway,door at end of hallway,generated_from_current_ground_truth_annotation_filename,1920,1080,1920,1080,636,6,1069,799,1.0,1.0,12191,0.165591,35,annotation_auto_extract,0.0,,636,6,1069,799,ground_truth_boxes.csv,find door at end of hallway,find,door,at end of hallway,door at hallway,door at hallway,door at hallway | door | apartment door | hallway door | door near hallway | door by hallway,rule_based_text_parser,0.9,door at end of hallway,door
vid_res_010_door_at_end_of_hallway_frame_03,vid_res_010_frame_03,vid_res_010_door_at_end_of_hallway_frame_03,examples/residence_images/vid_res_010_door_at_end_of_hallway_frame_03.jpg,examples/ground_truth_annotated/vid_res_010_door_at_end_of_hallway_frame_03.jpg,door at hallway,door,door,object,find door at end of hallway,door at end of hallway,generated_from_current_ground_truth_annotation_filename,1920,1080,1920,1080,586,2,1025,802,1.0,1.0,12294,0.169367,35,annotation_auto_extract,0.0,box touches top or left edge,586,2,1025,802,ground_truth_boxes.csv,find door at end of hallway,find,door,at end of hallway,door at hallway,door at hallway,door at hallway | door | apartment door | hallway door | door near hallway | door by hallway,rule_based_text_parser,0.9,door at end of hallway,door
vid_res_011_door_with_sign_frame_01,vid_res_011_frame_01,vid_res_011_door_with_sign_frame_01,examples/residence_images/vid_res_011_door_with_sign_frame_01.jpg,examples/ground_truth_annotated/vid_res_011_door_with_sign_frame_01.jpg,door sign,door,door,object,find door sign,door sign,generated_from_current_ground_truth_annotation_filename,1920,1080,1920,1080,239,9,693,1073,1.0,1.0,15082,0.232955,35,annotation_auto_extract,0.0,,239,9,693,1073,ground_truth_boxes.csv,find door sign,find,door,sign,door sign,door sign,door sign | door | apartment door | hallway door | door near sign | door by sign,rule_based_text_parser,0.9,door sign,door
vid_res_011_door_with_sign_frame_02,vid_res_011_frame_02,vid_res_011_door_with_sign_frame_02,examples/residence_images/vid_res_011_door_with_sign_frame_02.jpg,examples/ground_truth_annotated/vid_res_011_door_with_sign_frame_02.jpg,door sign,door,door,object,find door sign,door sign,generated_from_current_ground_truth_annotation_filename,1920,1080,1920,1080,234,2,699,1069,1.0,1.0,15238,0.239272,35,annotation_auto_extract,0.0,box touches top or left edge,234,2,699,1069,ground_truth_boxes.csv,find door sign,find,door,sign,door sign,door sign,door sign | door | apartment door | hallway door | door near sign | door by sign,rule_based_text_parser,0.9,door sign,door
vid_res_011_door_with_sign_frame_03,vid_res_011_frame_03,vid_res_011_door_with_sign_frame_03,examples/residence_images/vid_res_011_door_with_sign_frame_03.jpg,examples/ground_truth_annotated/vid_res_011_door_with_sign_frame_03.jpg,door sign,door,door,object,find door sign,door sign,generated_from_current_ground_truth_annotation_filename,1920,1080,1920,1080,202,2,691,1079,1.0,1.0,16027,0.25398,35,annotation_auto_extract,0.0,box touches top or left edge; box touches right or bottom edge,202,2,691,1079,ground_truth_boxes.csv,find door sign,find,door,sign,door sign,door sign,door sign | door | apartment door | hallway door | door near sign | door by sign,rule_based_text_parser,0.9,door sign,door
vid_res_012_elevator_call_button_frame_01,vid_res_012_frame_01,vid_res_012_elevator_call_button_frame_01,examples/residence_images/vid_res_012_elevator_call_button_frame_01.jpg,examples/ground_truth_annotated/vid_res_012_elevator_call_button_frame_01.jpg,elevator call button,elevator,elevator,place,find elevator call button,elevator call button,generated_from_current_ground_truth_annotation_filename,1920,1080,1920,1080,1018,288,1129,543,1.0,1.0,3579,0.01365,35,annotation_auto_extract,0.0,,1018,288,1129,543,ground_truth_boxes.csv,find elevator call button,find,elevator,call button,elevator call button,elevator call button,elevator call button | elevator | lift,rule_based_text_parser,0.9,elevator call button,elevator button
vid_res_012_elevator_call_button_frame_02,vid_res_012_frame_02,vid_res_012_elevator_call_button_frame_02,examples/residence_images/vid_res_012_elevator_call_button_frame_02.jpg,examples/ground_truth_annotated/vid_res_012_elevator_call_button_frame_02.jpg,elevator call button,elevator,elevator,place,find elevator call button,elevator call button,generated_from_current_ground_truth_annotation_filename,1920,1080,1920,1080,1020,328,1117,528,1.0,1.0,2908,0.009356,35,annotation_auto_extract,0.0,,1020,328,1117,528,ground_truth_boxes.csv,find elevator call button,find,elevator,call button,elevator call button,elevator call button,elevator call button | elevator | lift,rule_based_text_parser,0.9,elevator call button,elevator button
vid_res_012_elevator_call_button_frame_03,vid_res_012_frame_03,vid_res_012_elevator_call_button_frame_03,examples/residence_images/vid_res_012_elevator_call_button_frame_03.jpg,examples/ground_truth_annotated/vid_res_012_elevator_call_button_frame_03.jpg,elevator call button,elevator,elevator,place,find elevator call button,elevator call button,generated_from_current_ground_truth_annotation_filename,1920,1080,1920,1080,1016,320,1125,526,1.0,1.0,3060,0.010829,35,annotation_auto_extract,0.0,,1016,320,1125,526,ground_truth_boxes.csv,find elevator call button,find,elevator,call button,elevator call button,elevator call button,elevator call button | elevator | lift,rule_based_text_parser,0.9,elevator call button,elevator button
vid_res_013_plant_on_table_frame_01,vid_res_013_frame_01,vid_res_013_plant_on_table_frame_01,examples/residence_images/vid_res_013_plant_on_table_frame_01.jpg,examples/ground_truth_annotated/vid_res_013_plant_on_table_frame_01.jpg,plant on table,plant,plant,object,find plant on table,plant on table,generated_from_current_ground_truth_annotation_filename,1920,1080,1920,1080,712,378,1230,837,1.0,1.0,9724,0.114661,35,annotation_auto_extract,0.0,,712,378,1230,837,ground_truth_boxes.csv,find plant on table,find,plant,on table,plant on table,plant on table,plant on table | plant | plant near table | plant by table,rule_based_text_parser,0.9,plant on table,table
vid_res_013_plant_on_table_frame_02,vid_res_013_frame_02,vid_res_013_plant_on_table_frame_02,examples/residence_images/vid_res_013_plant_on_table_frame_02.jpg,examples/ground_truth_annotated/vid_res_013_plant_on_table_frame_02.jpg,plant on table,plant,plant,object,find plant on table,plant on table,generated_from_current_ground_truth_annotation_filename,1920,1080,1920,1080,720,378,1173,839,1.0,1.0,9101,0.10071,35,annotation_auto_extract,0.0,,720,378,1173,839,ground_truth_boxes.csv,find plant on table,find,plant,on table,plant on table,plant on table,plant on table | plant | plant near table | plant by table,rule_based_text_parser,0.9,plant on table,table
vid_res_013_plant_on_table_frame_03,vid_res_013_frame_03,vid_res_013_plant_on_table_frame_03,examples/residence_images/vid_res_013_plant_on_table_frame_03.jpg,examples/ground_truth_annotated/vid_res_013_plant_on_table_frame_03.jpg,plant on table,plant,plant,object,find plant on table,plant on table,generated_from_current_ground_truth_annotation_filename,1920,1080,1920,1080,700,364,1211,823,1.0,1.0,9599,0.113112,35,annotation_auto_extract,0.0,,700,364,1211,823,ground_truth_boxes.csv,find plant on table,find,plant,on table,plant on table,plant on table,plant on table | plant | plant near table | plant by table,rule_based_text_parser,0.9,plant on table,table
vid_res_014_package_by_the_chair_frame_01,vid_res_014_frame_01,vid_res_014_package_beside_the_chair_frame_01,examples/residence_images/vid_res_014_package_by_the_chair_frame_01.jpg,examples/ground_truth_annotated/vid_res_014_package_beside_the_chair_frame_01.jpg,package beside chair,package,package,object,find package beside the chair,package beside the chair,generated_from_current_ground_truth_annotation_filename,1920,1080,1920,1080,1243,460,1361,570,1.0,1.0,2188,0.00626,35,annotation_auto_extract,0.0,,1243,460,1361,570,ground_truth_boxes.csv,find package beside the chair,find,package,beside chair,package beside chair,package beside chair,package beside chair | package | box | cardboard box | delivery package | parcel | package near chair | package by chair,rule_based_text_parser,0.9,package beside the chair,package
vid_res_014_package_by_the_chair_frame_02,vid_res_014_frame_02,vid_res_014_package_beside_the_chair_frame_02,examples/residence_images/vid_res_014_package_by_the_chair_frame_02.jpg,examples/ground_truth_annotated/vid_res_014_package_beside_the_chair_frame_02.jpg,package beside chair,package,package,object,find package beside the chair,package beside the chair,generated_from_current_ground_truth_annotation_filename,1920,1080,1920,1080,1285,443,1403,551,1.0,1.0,2171,0.006146,35,annotation_auto_extract,0.0,,1285,443,1403,551,ground_truth_boxes.csv,find package beside the chair,find,package,beside chair,package beside chair,package beside chair,package beside chair | package | box | cardboard box | delivery package | parcel | package near chair | package by chair,rule_based_text_parser,0.9,package beside the chair,package
vid_res_014_package_by_the_chair_frame_03,vid_res_014_frame_03,vid_res_014_package_beside_the_chair_frame_03,examples/residence_images/vid_res_014_package_by_the_chair_frame_03.jpg,examples/ground_truth_annotated/vid_res_014_package_beside_the_chair_frame_03.jpg,package beside chair,package,package,object,find package beside the chair,package beside the chair,generated_from_current_ground_truth_annotation_filename,1920,1080,1920,1080,1179,485,1303,606,1.0,1.0,2369,0.007236,35,annotation_auto_extract,0.0,,1179,485,1303,606,ground_truth_boxes.csv,find package beside the chair,find,package,beside chair,package beside chair,package beside chair,package beside chair | package | box | cardboard box | delivery package | parcel | package near chair | package by chair,rule_based_text_parser,0.9,package beside the chair,package
vid_res_015_package_on_the_chair_frame_01,vid_res_015_frame_01,vid_res_015_package_on_the_chair_frame_01,examples/residence_images/vid_res_015_package_on_the_chair_frame_01.jpg,examples/ground_truth_annotated/vid_res_015_package_on_the_chair_frame_01.jpg,package on chair,package,package,object,find package on the chair,package on the chair,generated_from_current_ground_truth_annotation_filename,1920,1080,1920,1080,944,340,1181,486,1.0,1.0,3753,0.016687,35,annotation_auto_extract,0.0,,944,340,1181,486,ground_truth_boxes.csv,find package on the chair,find,package,on chair,package on chair,package on chair,package on chair | package | box | cardboard box | delivery package | parcel | package near chair | package by chair,rule_based_text_parser,0.9,package on the chair,package
vid_res_015_package_on_the_chair_frame_02,vid_res_015_frame_02,vid_res_015_package_on_the_chair_frame_02,examples/residence_images/vid_res_015_package_on_the_chair_frame_02.jpg,examples/ground_truth_annotated/vid_res_015_package_on_the_chair_frame_02.jpg,package on chair,package,package,object,find package on the chair,package on the chair,generated_from_current_ground_truth_annotation_filename,1920,1080,1920,1080,961,329,1195,462,1.0,1.0,3588,0.015009,35,annotation_auto_extract,0.0,,961,329,1195,462,ground_truth_boxes.csv,find package on the chair,find,package,on chair,package on chair,package on chair,package on chair | package | box | cardboard box | delivery package | parcel | package near chair | package by chair,rule_based_text_parser,0.9,package on the chair,package
vid_res_015_package_on_the_chair_frame_03,vid_res_015_frame_03,vid_res_015_package_on_the_chair_frame_03,examples/residence_images/vid_res_015_package_on_the_chair_frame_03.jpg,examples/ground_truth_annotated/vid_res_015_package_on_the_chair_frame_03.jpg,package on chair,package,package,object,find package on the chair,package on the chair,generated_from_current_ground_truth_annotation_filename,1920,1080,1920,1080,992,336,1247,483,1.0,1.0,3940,0.018077,35,annotation_auto_extract,0.0,,992,336,1247,483,ground_truth_boxes.csv,find package on the chair,find,package,on chair,package on chair,package on chair,package on chair | package | box | cardboard box | delivery package | parcel | package near chair | package by chair,rule_based_text_parser,0.9,package on the chair,package
vid_res_016_packages_on_floor_frame_01,vid_res_016_frame_01,vid_res_016_packages_on_floor_frame_01,examples/residence_images/vid_res_016_packages_on_floor_frame_01.jpg,examples/ground_truth_annotated/vid_res_016_packages_on_floor_frame_01.jpg,package on floor,package,package,object,find packages on floor,packages on floor,generated_from_current_ground_truth_annotation_filename,1920,1080,1920,1080,616,562,1180,1025,1.0,1.0,10190,0.125932,35,annotation_auto_extract,0.0,,616,562,1180,1025,ground_truth_boxes.csv,find packages on floor,find,package,on floor,package on floor,package on floor,package on floor | package | box | cardboard box | delivery package | parcel | package near floor | package by floor,rule_based_text_parser,0.9,packages on floor,package
vid_res_016_packages_on_floor_frame_02,vid_res_016_frame_02,vid_res_016_packages_on_floor_frame_02,examples/residence_images/vid_res_016_packages_on_floor_frame_02.jpg,examples/ground_truth_annotated/vid_res_016_packages_on_floor_frame_02.jpg,package on floor,package,package,object,find packages on floor,packages on floor,generated_from_current_ground_truth_annotation_filename,1920,1080,1920,1080,665,531,1193,992,1.0,1.0,9807,0.117384,35,annotation_auto_extract,0.0,,665,531,1193,992,ground_truth_boxes.csv,find packages on floor,find,package,on floor,package on floor,package on floor,package on floor | package | box | cardboard box | delivery package | parcel | package near floor | package by floor,rule_based_text_parser,0.9,packages on floor,package
vid_res_016_packages_on_floor_frame_03,vid_res_016_frame_03,vid_res_016_packages_on_floor_frame_03,examples/residence_images/vid_res_016_packages_on_floor_frame_03.jpg,examples/ground_truth_annotated/vid_res_016_packages_on_floor_frame_03.jpg,package on floor,package,package,object,find packages on floor,packages on floor,generated_from_current_ground_truth_annotation_filename,1920,1080,1920,1080,702,548,1220,1036,1.0,1.0,9979,0.121906,35,annotation_auto_extract,0.0,,702,548,1220,1036,ground_truth_boxes.csv,find packages on floor,find,package,on floor,package on floor,package on floor,package on floor | package | box | cardboard box | delivery package | parcel | package near floor | package by floor,rule_based_text_parser,0.9,packages on floor,package
vid_res_017_package_not_red_box_frame_01,vid_res_017_frame_01,vid_res_017_package_not_red_box_frame_01,examples/residence_images/vid_res_017_package_not_red_box_frame_01.jpg,examples/ground_truth_annotated/vid_res_017_package_not_red_box_frame_01.jpg,package not red,package,package,object,find package not red,package not red,generated_from_current_ground_truth_annotation_filename,1920,1080,1920,1080,855,693,1041,868,1.0,1.0,3526,0.015697,35,annotation_auto_extract,0.0,,855,693,1041,868,ground_truth_boxes.csv,find package not red,find,package,not red,package not red,package not red,package not red | package | box | cardboard box | delivery package | parcel,rule_based_text_parser,0.9,package not red,package
vid_res_017_package_not_red_box_frame_02,vid_res_017_frame_02,vid_res_017_package_not_red_box_frame_02,examples/residence_images/vid_res_017_package_not_red_box_frame_02.jpg,examples/ground_truth_annotated/vid_res_017_package_not_red_box_frame_02.jpg,package not red,package,package,object,find package not red,package not red,generated_from_current_ground_truth_annotation_filename,1920,1080,1920,1080,895,563,1052,707,1.0,1.0,2923,0.010903,35,annotation_auto_extract,0.0,,895,563,1052,707,ground_truth_boxes.csv,find package not red,find,package,not red,package not red,package not red,package not red | package | box | cardboard box | delivery package | parcel,rule_based_text_parser,0.9,package not red,package
vid_res_017_package_not_red_box_frame_03,vid_res_017_frame_03,vid_res_017_package_not_red_box_frame_03,examples/residence_images/vid_res_017_package_not_red_box_frame_03.jpg,examples/ground_truth_annotated/vid_res_017_package_not_red_box_frame_03.jpg,package not red,package,package,object,find package not red,package not red,generated_from_current_ground_truth_annotation_filename,1920,1080,1920,1080,972,442,1146,603,1.0,1.0,3267,0.01351,35,annotation_auto_extract,0.0,,972,442,1146,603,ground_truth_boxes.csv,find package not red,find,package,not red,package not red,package not red,package not red | package | box | cardboard box | delivery package | parcel,rule_based_text_parser,0.9,package not red,package
vid_res_018_package_hidden_by_chair_frame_01,vid_res_018_frame_01,vid_res_018_package_partially_covered_by chair_frame_01,examples/residence_images/vid_res_018_package_hidden_by_chair_frame_01.jpg,examples/ground_truth_annotated/vid_res_018_package_partially_covered_by chair_frame_01.jpg,package by chair,package,package,object,find package partially covered by chair,package partially covered by chair,generated_from_current_ground_truth_annotation_filename,1920,1080,1920,1080,975,604,1088,801,1.0,1.0,3017,0.010735,35,annotation_auto_extract,0.0,,975,604,1088,801,ground_truth_boxes.csv,find package partially covered by chair,find,package,by chair,package by chair,package by chair,package by chair | package | box | cardboard box | delivery package | parcel | package near chair,rule_based_text_parser,0.9,package partially covered by chair,package
vid_res_018_package_hidden_by_chair_frame_02,vid_res_018_frame_02,vid_res_018_package_partially_covered_by chair_frame_02,examples/residence_images/vid_res_018_package_hidden_by_chair_frame_02.jpg,examples/ground_truth_annotated/vid_res_018_package_partially_covered_by chair_frame_02.jpg,package by chair,package,package,object,find package partially covered by chair,package partially covered by chair,generated_from_current_ground_truth_annotation_filename,1920,1080,1920,1080,917,566,1045,762,1.0,1.0,3150,0.012099,35,annotation_auto_extract,0.0,,917,566,1045,762,ground_truth_boxes.csv,find package partially covered by chair,find,package,by chair,package by chair,package by chair,package by chair | package | box | cardboard box | delivery package | parcel | package near chair,rule_based_text_parser,0.9,package partially covered by chair,package
vid_res_018_package_hidden_by_chair_frame_03,vid_res_018_frame_03,vid_res_018_package_partially_covered_by chair_frame_03,examples/residence_images/vid_res_018_package_hidden_by_chair_frame_03.jpg,examples/ground_truth_annotated/vid_res_018_package_partially_covered_by chair_frame_03.jpg,package by chair,package,package,object,find package partially covered by chair,package partially covered by chair,generated_from_current_ground_truth_annotation_filename,1920,1080,1920,1080,891,562,1037,761,1.0,1.0,3361,0.014011,35,annotation_auto_extract,0.0,,891,562,1037,761,ground_truth_boxes.csv,find package partially covered by chair,find,package,by chair,package by chair,package by chair,package by chair | package | box | cardboard box | delivery package | parcel | package near chair,rule_based_text_parser,0.9,package partially covered by chair,package
vid_res_019_package_on_chair_frame_01,vid_res_019_frame_01,vid_res_019_package_on_chair_frame_01,examples/residence_images/vid_res_019_package_on_chair_frame_01.jpg,examples/ground_truth_annotated/vid_res_019_package_on_chair_frame_01.jpg,package on chair,package,package,object,find package on chair,package on chair,generated_from_current_ground_truth_annotation_filename,1920,1080,1920,1080,942,350,1176,479,1.0,1.0,3550,0.014557,35,annotation_auto_extract,0.0,,942,350,1176,479,ground_truth_boxes.csv,find package on chair,find,package,on chair,package on chair,package on chair,package on chair | package | box | cardboard box | delivery package | parcel | package near chair | package by chair,rule_based_text_parser,0.9,package on chair,package
vid_res_019_package_on_chair_frame_02,vid_res_019_frame_02,vid_res_019_package_on_chair_frame_02,examples/residence_images/vid_res_019_package_on_chair_frame_02.jpg,examples/ground_truth_annotated/vid_res_019_package_on_chair_frame_02.jpg,package on chair,package,package,object,find package on chair,package on chair,generated_from_current_ground_truth_annotation_filename,1920,1080,1920,1080,963,330,1194,461,1.0,1.0,3539,0.014593,35,annotation_auto_extract,0.0,,963,330,1194,461,ground_truth_boxes.csv,find package on chair,find,package,on chair,package on chair,package on chair,package on chair | package | box | cardboard box | delivery package | parcel | package near chair | package by chair,rule_based_text_parser,0.9,package on chair,package
vid_res_019_package_on_chair_frame_03,vid_res_019_frame_03,vid_res_019_package_on_chair_frame_03,examples/residence_images/vid_res_019_package_on_chair_frame_03.jpg,examples/ground_truth_annotated/vid_res_019_package_on_chair_frame_03.jpg,package on chair,package,package,object,find package on chair,package on chair,generated_from_current_ground_truth_annotation_filename,1920,1080,1920,1080,999,336,1232,482,1.0,1.0,3709,0.016405,35,annotation_auto_extract,0.0,,999,336,1232,482,ground_truth_boxes.csv,find package on chair,find,package,on chair,package on chair,package on chair,package on chair | package | box | cardboard box | delivery package | parcel | package near chair | package by chair,rule_based_text_parser,0.9,package on chair,package
vid_res_020_package_on_table_frame_01,vid_res_020_frame_01,vid_res_020_package_on_table_frame_01,examples/residence_images/vid_res_020_package_on_table_frame_01.jpg,examples/ground_truth_annotated/vid_res_020_package_on_table_frame_01.jpg,package on table,package,package,object,find package on table,package on table,generated_from_current_ground_truth_annotation_filename,1920,1080,1920,1080,748,41,1036,206,1.0,1.0,4447,0.022917,35,annotation_auto_extract,0.0,,748,41,1036,206,ground_truth_boxes.csv,find package on table,find,package,on table,package on table,package on table,package on table | package | box | cardboard box | delivery package | parcel | package near table | package by table,rule_based_text_parser,0.9,package on table,package
vid_res_020_package_on_table_frame_02,vid_res_020_frame_02,vid_res_020_package_on_table_frame_02,examples/residence_images/vid_res_020_package_on_table_frame_02.jpg,examples/ground_truth_annotated/vid_res_020_package_on_table_frame_02.jpg,package on table,package,package,object,find package on table,package on table,generated_from_current_ground_truth_annotation_filename,1920,1080,1920,1080,703,57,985,217,1.0,1.0,4337,0.021759,35,annotation_auto_extract,0.0,,703,57,985,217,ground_truth_boxes.csv,find package on table,find,package,on table,package on table,package on table,package on table | package | box | cardboard box | delivery package | parcel | package near table | package by table,rule_based_text_parser,0.9,package on table,package
vid_res_020_package_on_table_frame_03,vid_res_020_frame_03,vid_res_020_package_on_table_frame_03,examples/residence_images/vid_res_020_package_on_table_frame_03.jpg,examples/ground_truth_annotated/vid_res_020_package_on_table_frame_03.jpg,package on table,package,package,object,find package on table,package on table,generated_from_current_ground_truth_annotation_filename,1920,1080,1920,1080,758,26,1055,195,1.0,1.0,4562,0.024206,35,annotation_auto_extract,0.0,,758,26,1055,195,ground_truth_boxes.csv,find package on table,find,package,on table,package on table,package on table,package on table | package | box | cardboard box | delivery package | parcel | package near table | package by table,rule_based_text_parser,0.9,package on table,package
vid_res_021_package_on_chair_frame_01,vid_res_021_frame_01,vid_res_021_package_on_chair_frame_01,examples/residence_images/vid_res_021_package_on_chair_frame_01.jpg,examples/ground_truth_annotated/vid_res_021_package_on_chair_frame_01.jpg,package on chair,package,package,object,find package on chair,package on chair,generated_from_current_ground_truth_annotation_filename,1920,1080,1920,1080,572,327,796,511,1.0,1.0,4001,0.019877,35,annotation_auto_extract,0.0,,572,327,796,511,ground_truth_boxes.csv,find package on chair,find,package,on chair,package on chair,package on chair,package on chair | package | box | cardboard box | delivery package | parcel | package near chair | package by chair,rule_based_text_parser,0.9,package on chair,package
vid_res_021_package_on_chair_frame_02,vid_res_021_frame_02,vid_res_021_package_on_chair_frame_02,examples/residence_images/vid_res_021_package_on_chair_frame_02.jpg,examples/ground_truth_annotated/vid_res_021_package_on_chair_frame_02.jpg,package on chair,package,package,object,find package on chair,package on chair,generated_from_current_ground_truth_annotation_filename,1920,1080,1920,1080,554,330,780,501,1.0,1.0,3975,0.018637,35,annotation_auto_extract,0.0,,554,330,780,501,ground_truth_boxes.csv,find package on chair,find,package,on chair,package on chair,package on chair,package on chair | package | box | cardboard box | delivery package | parcel | package near chair | package by chair,rule_based_text_parser,0.9,package on chair,package
vid_res_021_package_on_chair_frame_03,vid_res_021_frame_03,vid_res_021_package_on_chair_frame_03,examples/residence_images/vid_res_021_package_on_chair_frame_03.jpg,examples/ground_truth_annotated/vid_res_021_package_on_chair_frame_03.jpg,package on chair,package,package,object,find package on chair,package on chair,generated_from_current_ground_truth_annotation_filename,1920,1080,1920,1080,561,311,760,488,1.0,1.0,3677,0.016986,35,annotation_auto_extract,0.0,,561,311,760,488,ground_truth_boxes.csv,find package on chair,find,package,on chair,package on chair,package on chair,package on chair | package | box | cardboard box | delivery package | parcel | package near chair | package by chair,rule_based_text_parser,0.9,package on chair,package
vid_res_022_package_on_floor_frame_01,vid_res_022_frame_01,vid_res_022_package_on_floor_frame_01,examples/residence_images/vid_res_022_package_on_floor_frame_01.jpg,examples/ground_truth_annotated/vid_res_022_package_on_floor_frame_01.jpg,package on floor,package,package,object,find package on floor,package on floor,generated_from_current_ground_truth_annotation_filename,1920,1080,1920,1080,970,882,1197,1055,1.0,1.0,3988,0.018939,35,annotation_auto_extract,0.0,,970,882,1197,1055,ground_truth_boxes.csv,find package on floor,find,package,on floor,package on floor,package on floor,package on floor | package | box | cardboard box | delivery package | parcel | package near floor | package by floor,rule_based_text_parser,0.9,package on floor,package
vid_res_022_package_on_floor_frame_02,vid_res_022_frame_02,vid_res_022_package_on_floor_frame_02,examples/residence_images/vid_res_022_package_on_floor_frame_02.jpg,examples/ground_truth_annotated/vid_res_022_package_on_floor_frame_02.jpg,package on floor,package,package,object,find package on floor,package on floor,generated_from_current_ground_truth_annotation_filename,1920,1080,1920,1080,934,814,1173,985,1.0,1.0,4046,0.019709,35,annotation_auto_extract,0.0,,934,814,1173,985,ground_truth_boxes.csv,find package on floor,find,package,on floor,package on floor,package on floor,package on floor | package | box | cardboard box | delivery package | parcel | package near floor | package by floor,rule_based_text_parser,0.9,package on floor,package
vid_res_022_package_on_floor_frame_03,vid_res_022_frame_03,vid_res_022_package_on_floor_frame_03,examples/residence_images/vid_res_022_package_on_floor_frame_03.jpg,examples/ground_truth_annotated/vid_res_022_package_on_floor_frame_03.jpg,package on floor,package,package,object,find package on floor,package on floor,generated_from_current_ground_truth_annotation_filename,1920,1080,1920,1080,926,894,1165,1077,1.0,1.0,4182,0.021092,35,annotation_auto_extract,0.0,box touches right or bottom edge,926,894,1165,1077,ground_truth_boxes.csv,find package on floor,find,package,on floor,package on floor,package on floor,package on floor | package | box | cardboard box | delivery package | parcel | package near floor | package by floor,rule_based_text_parser,0.9,package on floor,package
vid_res_023_package_infront_of_the_books_frame_01,vid_res_023_frame_01,vid_res_023_package_infront_of_the_books_frame_01,examples/residence_images/vid_res_023_package_infront_of_the_books_frame_01.jpg,examples/ground_truth_annotated/vid_res_023_package_infront_of_the_books_frame_01.jpg,package infront of books,package,package,object,find package infront of the books,package infront of the books,generated_from_current_ground_truth_annotation_filename,1920,1080,1920,1080,252,482,716,787,1.0,1.0,7593,0.068248,35,annotation_auto_extract,0.0,,252,482,716,787,ground_truth_boxes.csv,find package infront of the books,find,package,infront of books,package infront of books,package infront of books,package infront of books | package | box | cardboard box | delivery package | parcel | package near books | package by books,rule_based_text_parser,0.9,package infront of the books,package
vid_res_023_package_infront_of_the_books_frame_02,vid_res_023_frame_02,vid_res_023_package_infront_of_the_books_frame_02,examples/residence_images/vid_res_023_package_infront_of_the_books_frame_02.jpg,examples/ground_truth_annotated/vid_res_023_package_infront_of_the_books_frame_02.jpg,package infront of books,package,package,object,find package infront of the books,package infront of the books,generated_from_current_ground_truth_annotation_filename,1920,1080,1920,1080,241,485,729,816,1.0,1.0,8108,0.077897,35,annotation_auto_extract,0.0,,241,485,729,816,ground_truth_boxes.csv,find package infront of the books,find,package,infront of books,package infront of books,package infront of books,package infront of books | package | box | cardboard box | delivery package | parcel | package near books | package by books,rule_based_text_parser,0.9,package infront of the books,package
vid_res_023_package_infront_of_the_books_frame_03,vid_res_023_frame_03,vid_res_023_package_infront_of_the_books_frame_03,examples/residence_images/vid_res_023_package_infront_of_the_books_frame_03.jpg,examples/ground_truth_annotated/vid_res_023_package_infront_of_the_books_frame_03.jpg,package infront of books,package,package,object,find package infront of the books,package infront of the books,generated_from_current_ground_truth_annotation_filename,1920,1080,1920,1080,231,484,722,833,1.0,1.0,8309,0.082638,35,annotation_auto_extract,0.0,,231,484,722,833,ground_truth_boxes.csv,find package infront of the books,find,package,infront of books,package infront of books,package infront of books,package infront of books | package | box | cardboard box | delivery package | parcel | package near books | package by books,rule_based_text_parser,0.9,package infront of the books,package
vid_res_024_package_between_books_and_shoes_frame_01,vid_res_024_frame_01,vid_res_024_package_between_books_and_shoes_frame_01,examples/residence_images/vid_res_024_package_between_books_and_shoes_frame_01.jpg,examples/ground_truth_annotated/vid_res_024_package_between_books_and_shoes_frame_01.jpg,package between books,package,package,object,find package between books and shoes,package between books and shoes,generated_from_current_ground_truth_annotation_filename,1920,1080,1920,1080,948,416,1225,709,1.0,1.0,5605,0.03914,35,annotation_auto_extract,0.0,,948,416,1225,709,ground_truth_boxes.csv,find package between books and shoes,find,package,between books and shoes,package between books,package between books,package between books | package | box | cardboard box | delivery package | parcel | package near books | package by books,rule_based_text_parser,0.9,package between books and shoes,package
vid_res_024_package_between_books_and_shoes_frame_02,vid_res_024_frame_02,vid_res_024_package_between_books_and_shoes_frame_02,examples/residence_images/vid_res_024_package_between_books_and_shoes_frame_02.jpg,examples/ground_truth_annotated/vid_res_024_package_between_books_and_shoes_frame_02.jpg,package between books,package,package,object,find package between books and shoes,package between books and shoes,generated_from_current_ground_truth_annotation_filename,1920,1080,1920,1080,942,416,1267,733,1.0,1.0,6350,0.049684,35,annotation_auto_extract,0.0,,942,416,1267,733,ground_truth_boxes.csv,find package between books and shoes,find,package,between books and shoes,package between books,package between books,package between books | package | box | cardboard box | delivery package | parcel | package near books | package by books,rule_based_text_parser,0.9,package between books and shoes,package
vid_res_024_package_between_books_and_shoes_frame_03,vid_res_024_frame_03,vid_res_024_package_between_books_and_shoes_frame_03,examples/residence_images/vid_res_024_package_between_books_and_shoes_frame_03.jpg,examples/ground_truth_annotated/vid_res_024_package_between_books_and_shoes_frame_03.jpg,package between books,package,package,object,find package between books and shoes,package between books and shoes,generated_from_current_ground_truth_annotation_filename,1920,1080,1920,1080,956,414,1255,729,1.0,1.0,6069,0.045421,35,annotation_auto_extract,0.0,,956,414,1255,729,ground_truth_boxes.csv,find package between books and shoes,find,package,between books and shoes,package between books,package between books,package between books | package | box | cardboard box | delivery package | parcel | package near books | package by books,rule_based_text_parser,0.9,package between books and shoes,package
vid_res_025_package_by_elevator_frame_01,vid_res_025_frame_01,vid_res_025_package_by_elevator_frame_01,examples/residence_images/vid_res_025_package_by_elevator_frame_01.jpg,examples/ground_truth_annotated/vid_res_025_package_by_elevator_frame_01.jpg,package by elevator,package,package,object,find package by elevator,package by elevator,generated_from_current_ground_truth_annotation_filename,1920,1080,1920,1080,454,508,585,626,1.0,1.0,2408,0.007455,35,annotation_auto_extract,0.0,,454,508,585,626,ground_truth_boxes.csv,find package by elevator,find,package,by elevator,package by elevator,package by elevator,package by elevator | package | box | cardboard box | delivery package | parcel | package near elevator,rule_based_text_parser,0.9,package by elevator,package
vid_res_025_package_by_elevator_frame_02,vid_res_025_frame_02,vid_res_025_package_by_elevator_frame_02,examples/residence_images/vid_res_025_package_by_elevator_frame_02.jpg,examples/ground_truth_annotated/vid_res_025_package_by_elevator_frame_02.jpg,package by elevator,package,package,object,find package by elevator,package by elevator,generated_from_current_ground_truth_annotation_filename,1920,1080,1920,1080,544,599,659,716,1.0,1.0,2238,0.006489,35,annotation_auto_extract,0.0,,544,599,659,716,ground_truth_boxes.csv,find package by elevator,find,package,by elevator,package by elevator,package by elevator,package by elevator | package | box | cardboard box | delivery package | parcel | package near elevator,rule_based_text_parser,0.9,package by elevator,package
vid_res_025_package_by_elevator_frame_03,vid_res_025_frame_03,vid_res_025_package_by_elevator_frame_03,examples/residence_images/vid_res_025_package_by_elevator_frame_03.jpg,examples/ground_truth_annotated/vid_res_025_package_by_elevator_frame_03.jpg,package by elevator,package,package,object,find package by elevator,package by elevator,generated_from_current_ground_truth_annotation_filename,1920,1080,1920,1080,541,590,649,710,1.0,1.0,2198,0.00625,35,annotation_auto_extract,0.0,,541,590,649,710,ground_truth_boxes.csv,find package by elevator,find,package,by elevator,package by elevator,package by elevator,package by elevator | package | box | cardboard box | delivery package | parcel | package near elevator,rule_based_text_parser,0.9,package by elevator,package
vid_res_026_package_by_wall_frame_01,vid_res_026_frame_01,vid_res_026_package_by_wall_opposite_elevator_frame_01,examples/residence_images/vid_res_026_package_by_wall_frame_01.jpg,examples/ground_truth_annotated/vid_res_026_package_by_wall_opposite_elevator_frame_01.jpg,package by wall,package,package,object,find package by wall opposite elevator,package by wall opposite elevator,generated_from_current_ground_truth_annotation_filename,1920,1080,1920,1080,1264,504,1449,634,1.0,1.0,3066,0.011598,35,annotation_auto_extract,0.0,,1264,504,1449,634,ground_truth_boxes.csv,find package by wall opposite elevator,find,package,by wall opposite elevator,package by wall,package by wall,package by wall | package | box | cardboard box | delivery package | parcel | package near wall,rule_based_text_parser,0.9,package by wall opposite elevator,package
vid_res_026_package_by_wall_frame_02,vid_res_026_frame_02,vid_res_026_package_by_wall_opposite_elevator_frame_02,examples/residence_images/vid_res_026_package_by_wall_frame_02.jpg,examples/ground_truth_annotated/vid_res_026_package_by_wall_opposite_elevator_frame_02.jpg,package by wall,package,package,object,find package by wall opposite elevator,package by wall opposite elevator,generated_from_current_ground_truth_annotation_filename,1920,1080,1920,1080,1293,605,1472,738,1.0,1.0,3038,0.011481,35,annotation_auto_extract,0.0,,1293,605,1472,738,ground_truth_boxes.csv,find package by wall opposite elevator,find,package,by wall opposite elevator,package by wall,package by wall,package by wall | package | box | cardboard box | delivery package | parcel | package near wall,rule_based_text_parser,0.9,package by wall opposite elevator,package
vid_res_026_package_by_wall_frame_03,vid_res_026_frame_03,vid_res_026_package_by_wall_opposite_elevator_frame_03,examples/residence_images/vid_res_026_package_by_wall_frame_03.jpg,examples/ground_truth_annotated/vid_res_026_package_by_wall_opposite_elevator_frame_03.jpg,package by wall,package,package,object,find package by wall opposite elevator,package by wall opposite elevator,generated_from_current_ground_truth_annotation_filename,1920,1080,1920,1080,1278,606,1447,729,1.0,1.0,2840,0.010025,35,annotation_auto_extract,0.0,,1278,606,1447,729,ground_truth_boxes.csv,find package by wall opposite elevator,find,package,by wall opposite elevator,package by wall,package by wall,package by wall | package | box | cardboard box | delivery package | parcel | package near wall,rule_based_text_parser,0.9,package by wall opposite elevator,package
vid_res_027_package_on_table_frame_01,vid_res_027_frame_01,vid_res_027_packages_on_table_frame_01,examples/residence_images/vid_res_027_package_on_table_frame_01.jpg,examples/ground_truth_annotated/vid_res_027_packages_on_table_frame_01.jpg,table packages on,table,table,object,find packages on table,packages on table,generated_from_current_ground_truth_annotation_filename,1920,1080,1920,1080,805,290,1169,435,1.0,1.0,5000,0.025453,35,annotation_auto_extract,0.0,,805,290,1169,435,ground_truth_boxes.csv,find packages on table,find,table,packages on,table packages on,table packages on,table packages on | table | desk,rule_based_text_parser,0.9,packages on table,package
vid_res_027_package_on_table_frame_02,vid_res_027_frame_02,vid_res_027_packages_on_table_frame_02,examples/residence_images/vid_res_027_package_on_table_frame_02.jpg,examples/ground_truth_annotated/vid_res_027_packages_on_table_frame_02.jpg,table packages on,table,table,object,find packages on table,packages on table,generated_from_current_ground_truth_annotation_filename,1920,1080,1920,1080,710,322,1064,483,1.0,1.0,5072,0.027486,35,annotation_auto_extract,0.0,,710,322,1064,483,ground_truth_boxes.csv,find packages on table,find,table,packages on,table packages on,table packages on,table packages on | table | desk,rule_based_text_parser,0.9,packages on table,package
vid_res_027_package_on_table_frame_03,vid_res_027_frame_03,vid_res_027_packages_on_table_frame_03,examples/residence_images/vid_res_027_package_on_table_frame_03.jpg,examples/ground_truth_annotated/vid_res_027_packages_on_table_frame_03.jpg,table packages on,table,table,object,find packages on table,packages on table,generated_from_current_ground_truth_annotation_filename,1920,1080,1920,1080,689,324,1071,475,1.0,1.0,5250,0.027817,35,annotation_auto_extract,0.0,,689,324,1071,475,ground_truth_boxes.csv,find packages on table,find,table,packages on,table packages on,table packages on,table packages on | table | desk,rule_based_text_parser,0.9,packages on table,package
vid_res_028_package_by_door_right_frame_01,vid_res_028_frame_01,vid_res_028_package_by_door_right_frame_01,examples/residence_images/vid_res_028_package_by_door_right_frame_01.jpg,examples/ground_truth_annotated/vid_res_028_package_by_door_right_frame_01.jpg,package by door,package,package,object,find package by door right,package by door right,generated_from_current_ground_truth_annotation_filename,1920,1080,1920,1080,615,751,818,891,1.0,1.0,3344,0.013706,35,annotation_auto_extract,0.0,,615,751,818,891,ground_truth_boxes.csv,find package by door right,find,package,by door right,package by door,package by door,package by door | package | box | cardboard box | delivery package | parcel | package near door,rule_based_text_parser,0.9,package by door right,package
vid_res_028_package_by_door_right_frame_02,vid_res_028_frame_02,vid_res_028_package_by_door_right_frame_02,examples/residence_images/vid_res_028_package_by_door_right_frame_02.jpg,examples/ground_truth_annotated/vid_res_028_package_by_door_right_frame_02.jpg,package by door,package,package,object,find package by door right,package by door right,generated_from_current_ground_truth_annotation_filename,1920,1080,1920,1080,633,776,813,911,1.0,1.0,3068,0.011719,35,annotation_auto_extract,0.0,,633,776,813,911,ground_truth_boxes.csv,find package by door right,find,package,by door right,package by door,package by door,package by door | package | box | cardboard box | delivery package | parcel | package near door,rule_based_text_parser,0.9,package by door right,package
vid_res_028_package_by_door_right_frame_03,vid_res_028_frame_03,vid_res_028_package_by_door_right_frame_03,examples/residence_images/vid_res_028_package_by_door_right_frame_03.jpg,examples/ground_truth_annotated/vid_res_028_package_by_door_right_frame_03.jpg,package by door,package,package,object,find package by door right,package by door right,generated_from_current_ground_truth_annotation_filename,1920,1080,1920,1080,619,765,810,898,1.0,1.0,3153,0.012251,35,annotation_auto_extract,0.0,,619,765,810,898,ground_truth_boxes.csv,find package by door right,find,package,by door right,package by door,package by door,package by door | package | box | cardboard box | delivery package | parcel | package near door,rule_based_text_parser,0.9,package by door right,package
vid_res_029_package_by_door_left_frame_01,vid_res_029_frame_01,vid_res_029_package_by_door_left_frame_01,examples/residence_images/vid_res_029_package_by_door_left_frame_01.jpg,examples/ground_truth_annotated/vid_res_029_package_by_door_left_frame_01.jpg,package by door,package,package,object,find package by door left,package by door left,generated_from_current_ground_truth_annotation_filename,1920,1080,1920,1080,794,624,946,754,1.0,1.0,2740,0.009529,35,annotation_auto_extract,0.0,,794,624,946,754,ground_truth_boxes.csv,find package by door left,find,package,by door left,package by door,package by door,package by door | package | box | cardboard box | delivery package | parcel | package near door,rule_based_text_parser,0.9,package by door left,package
vid_res_029_package_by_door_left_frame_02,vid_res_029_frame_02,vid_res_029_package_by_door_left_frame_02,examples/residence_images/vid_res_029_package_by_door_left_frame_02.jpg,examples/ground_truth_annotated/vid_res_029_package_by_door_left_frame_02.jpg,package by door,package,package,object,find package by door left,package by door left,generated_from_current_ground_truth_annotation_filename,1920,1080,1920,1080,772,641,912,754,1.0,1.0,2445,0.007629,35,annotation_auto_extract,0.0,,772,641,912,754,ground_truth_boxes.csv,find package by door left,find,package,by door left,package by door,package by door,package by door | package | box | cardboard box | delivery package | parcel | package near door,rule_based_text_parser,0.9,package by door left,package
vid_res_029_package_by_door_left_frame_03,vid_res_029_frame_03,vid_res_029_package_by_door_left_frame_03,examples/residence_images/vid_res_029_package_by_door_left_frame_03.jpg,examples/ground_truth_annotated/vid_res_029_package_by_door_left_frame_03.jpg,package by door,package,package,object,find package by door left,package by door left,generated_from_current_ground_truth_annotation_filename,1920,1080,1920,1080,805,598,953,720,1.0,1.0,2617,0.008708,35,annotation_auto_extract,0.0,,805,598,953,720,ground_truth_boxes.csv,find package by door left,find,package,by door left,package by door,package by door,package by door | package | box | cardboard box | delivery package | parcel | package near door,rule_based_text_parser,0.9,package by door left,package
vid_res_030_second_closest_package_frame_01,vid_res_030_frame_01,vid_res_030_second_closest_package_frame_01,examples/residence_images/vid_res_030_second_closest_package_frame_01.jpg,examples/ground_truth_annotated/vid_res_030_second_closest_package_frame_01.jpg,package second closest,package,package,object,find second closest package,second closest package,generated_from_current_ground_truth_annotation_filename,1920,1080,1920,1080,717,755,879,885,1.0,1.0,2841,0.010156,35,annotation_auto_extract,0.0,,717,755,879,885,ground_truth_boxes.csv,find second closest package,find,package,second closest,package second closest,package second closest,package second closest | package | box | cardboard box | delivery package | parcel,rule_based_text_parser,0.9,second closest package,package
vid_res_030_second_closest_package_frame_02,vid_res_030_frame_02,vid_res_030_second_closest_package_frame_02,examples/residence_images/vid_res_030_second_closest_package_frame_02.jpg,examples/ground_truth_annotated/vid_res_030_second_closest_package_frame_02.jpg,package second closest,package,package,object,find second closest package,second closest package,generated_from_current_ground_truth_annotation_filename,1920,1080,1920,1080,701,747,854,861,1.0,1.0,2577,0.008411,35,annotation_auto_extract,0.0,,701,747,854,861,ground_truth_boxes.csv,find second closest package,find,package,second closest,package second closest,package second closest,package second closest | package | box | cardboard box | delivery package | parcel,rule_based_text_parser,0.9,second closest package,package
vid_res_030_second_closest_package_frame_03,vid_res_030_frame_03,vid_res_030_second_closest_package_frame_03,examples/residence_images/vid_res_030_second_closest_package_frame_03.jpg,examples/ground_truth_annotated/vid_res_030_second_closest_package_frame_03.jpg,package second closest,package,package,object,find second closest package,second closest package,generated_from_current_ground_truth_annotation_filename,1920,1080,1920,1080,730,720,888,839,1.0,1.0,2689,0.009067,35,annotation_auto_extract,0.0,,730,720,888,839,ground_truth_boxes.csv,find second closest package,find,package,second closest,package second closest,package second closest,package second closest | package | box | cardboard box | delivery package | parcel,rule_based_text_parser,0.9,second closest package,package
vid_res_031_package_in_front_frame_01,vid_res_031_frame_01,vid_res_031_package_in_front_frame_01,examples/residence_images/vid_res_031_package_in_front_frame_01.jpg,examples/ground_truth_annotated/vid_res_031_package_in_front_frame_01.jpg,package in front,package,package,object,find package in front,package in front,generated_from_current_ground_truth_annotation_filename,1920,1080,1920,1080,679,816,861,952,1.0,1.0,3085,0.011937,35,annotation_auto_extract,0.0,,679,816,861,952,ground_truth_boxes.csv,find package in front,find,package,in front,package in front,package in front,package in front | package | box | cardboard box | delivery package | parcel,rule_based_text_parser,0.9,package in front,package
vid_res_031_package_in_front_frame_02,vid_res_031_frame_02,vid_res_031_package_in_front_frame_02,examples/residence_images/vid_res_031_package_in_front_frame_02.jpg,examples/ground_truth_annotated/vid_res_031_package_in_front_frame_02.jpg,package in front,package,package,object,find package in front,package in front,generated_from_current_ground_truth_annotation_filename,1920,1080,1920,1080,668,808,833,912,1.0,1.0,2601,0.008275,35,annotation_auto_extract,0.0,,668,808,833,912,ground_truth_boxes.csv,find package in front,find,package,in front,package in front,package in front,package in front | package | box | cardboard box | delivery package | parcel,rule_based_text_parser,0.9,package in front,package
vid_res_031_package_in_front_frame_03,vid_res_031_frame_03,vid_res_031_package_in_front_frame_03,examples/residence_images/vid_res_031_package_in_front_frame_03.jpg,examples/ground_truth_annotated/vid_res_031_package_in_front_frame_03.jpg,package in front,package,package,object,find package in front,package in front,generated_from_current_ground_truth_annotation_filename,1920,1080,1920,1080,700,783,871,897,1.0,1.0,2773,0.009401,35,annotation_auto_extract,0.0,,700,783,871,897,ground_truth_boxes.csv,find package in front,find,package,in front,package in front,package in front,package in front | package | box | cardboard box | delivery package | parcel,rule_based_text_parser,0.9,package in front,package
vid_res_032_packages_by_chair_frame_01,vid_res_032_frame_01,vid_res_032_packages_by_chair_frame_01,examples/residence_images/vid_res_032_packages_by_chair_frame_01.jpg,examples/ground_truth_annotated/vid_res_032_packages_by_chair_frame_01.jpg,chair packages by,chair,chair,object,find packages by chair,packages by chair,generated_from_current_ground_truth_annotation_filename,1920,1080,1920,1080,949,665,1121,830,1.0,1.0,3288,0.013686,35,annotation_auto_extract,0.0,,949,665,1121,830,ground_truth_boxes.csv,find packages by chair,find,chair,packages by,chair packages by,chair packages by,chair packages by | chair,rule_based_text_parser,0.9,packages by chair,package
vid_res_032_packages_by_chair_frame_02,vid_res_032_frame_02,vid_res_032_packages_by_chair_frame_02,examples/residence_images/vid_res_032_packages_by_chair_frame_02.jpg,examples/ground_truth_annotated/vid_res_032_packages_by_chair_frame_02.jpg,chair packages by,chair,chair,object,find packages by chair,packages by chair,generated_from_current_ground_truth_annotation_filename,1920,1080,1920,1080,948,697,1125,849,1.0,1.0,3211,0.012975,35,annotation_auto_extract,0.0,,948,697,1125,849,ground_truth_boxes.csv,find packages by chair,find,chair,packages by,chair packages by,chair packages by,chair packages by | chair,rule_based_text_parser,0.9,packages by chair,package
vid_res_032_packages_by_chair_frame_03,vid_res_032_frame_03,vid_res_032_packages_by_chair_frame_03,examples/residence_images/vid_res_032_packages_by_chair_frame_03.jpg,examples/ground_truth_annotated/vid_res_032_packages_by_chair_frame_03.jpg,chair packages by,chair,chair,object,find packages by chair,packages by chair,generated_from_current_ground_truth_annotation_filename,1920,1080,1920,1080,969,671,1111,832,1.0,1.0,2945,0.011025,35,annotation_auto_extract,0.0,,969,671,1111,832,ground_truth_boxes.csv,find packages by chair,find,chair,packages by,chair packages by,chair packages by,chair packages by | chair,rule_based_text_parser,0.9,packages by chair,package
vid_res_033_man_in_blue_frame_01,vid_res_033_frame_01,vid_res_033_man_in_blue_frame_01,examples/residence_images/vid_res_033_man_in_blue_frame_01.jpg,examples/ground_truth_annotated/vid_res_033_man_in_blue_frame_01.jpg,person man in blue,person,person,person,find man in blue,man in blue,generated_from_current_ground_truth_annotation_filename,1920,1080,1920,1080,1096,249,1297,973,1.0,1.0,9151,0.070179,35,annotation_auto_extract,0.0,,1096,249,1297,973,ground_truth_boxes.csv,find man in blue,find,person,man in blue,person man in blue,person man in blue,person man in blue | person | human,rule_based_text_parser,0.9,man in blue,person
vid_res_033_man_in_blue_frame_02,vid_res_033_frame_02,vid_res_033_man_in_blue_frame_02,examples/residence_images/vid_res_033_man_in_blue_frame_02.jpg,examples/ground_truth_annotated/vid_res_033_man_in_blue_frame_02.jpg,person man in blue,person,person,person,find man in blue,man in blue,generated_from_current_ground_truth_annotation_filename,1920,1080,1920,1080,1153,258,1344,977,1.0,1.0,9017,0.066227,35,annotation_auto_extract,0.0,,1153,258,1344,977,ground_truth_boxes.csv,find man in blue,find,person,man in blue,person man in blue,person man in blue,person man in blue | person | human,rule_based_text_parser,0.9,man in blue,person
vid_res_033_man_in_blue_frame_03,vid_res_033_frame_03,vid_res_033_man_in_blue_frame_03,examples/residence_images/vid_res_033_man_in_blue_frame_03.jpg,examples/ground_truth_annotated/vid_res_033_man_in_blue_frame_03.jpg,person man in blue,person,person,person,find man in blue,man in blue,generated_from_current_ground_truth_annotation_filename,1920,1080,1920,1080,1326,266,1539,1017,1.0,1.0,9553,0.077143,35,annotation_auto_extract,0.0,,1326,266,1539,1017,ground_truth_boxes.csv,find man in blue,find,person,man in blue,person man in blue,person man in blue,person man in blue | person | human,rule_based_text_parser,0.9,man in blue,person
vid_res_034_man_in_grey_frame_01,vid_res_034_frame_01,vid_res_034_man_in_grey_frame_01,examples/residence_images/vid_res_034_man_in_grey_frame_01.jpg,examples/ground_truth_annotated/vid_res_034_man_in_grey_frame_01.jpg,person man in grey,person,person,person,find man in grey,man in grey,generated_from_current_ground_truth_annotation_filename,1920,1080,1920,1080,878,204,1183,1047,1.0,1.0,11400,0.123995,35,annotation_auto_extract,0.0,,878,204,1183,1047,ground_truth_boxes.csv,find man in grey,find,person,man in grey,person man in grey,person man in grey,person man in grey | person | human,rule_based_text_parser,0.9,man in grey,person
vid_res_034_man_in_grey_frame_02,vid_res_034_frame_02,vid_res_034_man_in_grey_frame_02,examples/residence_images/vid_res_034_man_in_grey_frame_02.jpg,examples/ground_truth_annotated/vid_res_034_man_in_grey_frame_02.jpg,person man in grey,person,person,person,find man in grey,man in grey,generated_from_current_ground_truth_annotation_filename,1920,1080,1920,1080,987,238,1279,1068,1.0,1.0,11138,0.116879,35,annotation_auto_extract,0.0,,987,238,1279,1068,ground_truth_boxes.csv,find man in grey,find,person,man in grey,person man in grey,person man in grey,person man in grey | person | human,rule_based_text_parser,0.9,man in grey,person
vid_res_034_man_in_grey_frame_03,vid_res_034_frame_03,vid_res_034_man_in_grey_frame_03,examples/residence_images/vid_res_034_man_in_grey_frame_03.jpg,examples/ground_truth_annotated/vid_res_034_man_in_grey_frame_03.jpg,person man in grey,person,person,person,find man in grey,man in grey,generated_from_current_ground_truth_annotation_filename,1920,1080,1920,1080,1110,221,1411,1073,1.0,1.0,11438,0.123675,35,annotation_auto_extract,0.0,,1110,221,1411,1073,ground_truth_boxes.csv,find man in grey,find,person,man in grey,person man in grey,person man in grey,person man in grey | person | human,rule_based_text_parser,0.9,man in grey,person
vid_res_035_woman_white_top_frame_01,vid_res_035_frame_01,vid_res_035_woman_white_top_frame_01,examples/residence_images/vid_res_035_woman_white_top_frame_01.jpg,examples/ground_truth_annotated/vid_res_035_woman_white_top_frame_01.jpg,person woman white top,person,person,person,find woman white top,woman white top,generated_from_current_ground_truth_annotation_filename,1920,1080,1920,1080,29,274,221,887,1.0,1.0,7909,0.056759,35,annotation_auto_extract,0.0,,29,274,221,887,ground_truth_boxes.csv,find woman white top,find,person,woman white top,person woman white top,person woman white top,person woman white top | person | human,rule_based_text_parser,0.9,woman white top,person
vid_res_035_woman_white_top_frame_02,vid_res_035_frame_02,vid_res_035_woman_white_top_frame_02,examples/residence_images/vid_res_035_woman_white_top_frame_02.jpg,examples/ground_truth_annotated/vid_res_035_woman_white_top_frame_02.jpg,person woman white top,person,person,person,find woman white top,woman white top,generated_from_current_ground_truth_annotation_filename,1920,1080,1920,1080,154,290,347,884,1.0,1.0,7745,0.055286,35,annotation_auto_extract,0.0,,154,290,347,884,ground_truth_boxes.csv,find woman white top,find,person,woman white top,person woman white top,person woman white top,person woman white top | person | human,rule_based_text_parser,0.9,woman white top,person
vid_res_035_woman_white_top_frame_03,vid_res_035_frame_03,vid_res_035_woman_white_top_frame_03,examples/residence_images/vid_res_035_woman_white_top_frame_03.jpg,examples/ground_truth_annotated/vid_res_035_woman_white_top_frame_03.jpg,person woman white top,person,person,person,find woman white top,woman white top,generated_from_current_ground_truth_annotation_filename,1920,1080,1920,1080,302,312,473,874,1.0,1.0,7193,0.046345,35,annotation_auto_extract,0.0,,302,312,473,874,ground_truth_boxes.csv,find woman white top,find,person,woman white top,person woman white top,person woman white top,person woman white top | person | human,rule_based_text_parser,0.9,woman white top,person
vid_res_036_elevator_button_panel_frame_01,vid_res_036_frame_01,vid_res_036_elevator_button_panel_frame_01,examples/residence_images/vid_res_036_elevator_button_panel_frame_01.jpg,examples/ground_truth_annotated/vid_res_036_elevator_button_panel_frame_01.jpg,elevator button panel,elevator button panel,elevator button panel,object,find elevator button panel,elevator button panel,generated_from_current_ground_truth_annotation_filename,1920,1080,1920,1080,824,162,1253,1063,1.0,1.0,13257,0.186405,35,annotation_auto_extract,0.0,,824,162,1253,1063,ground_truth_boxes.csv,find elevator button panel,find,elevator button panel,,elevator button panel,elevator button panel,elevator button panel | button panel | elevator button | button,rule_based_text_parser,0.85,elevator button panel,elevator button panel
vid_res_036_elevator_button_panel_frame_02,vid_res_036_frame_02,vid_res_036_elevator_button_panel_frame_02,examples/residence_images/vid_res_036_elevator_button_panel_frame_02.jpg,examples/ground_truth_annotated/vid_res_036_elevator_button_panel_frame_02.jpg,elevator button panel,elevator button panel,elevator button panel,object,find elevator button panel,elevator button panel,generated_from_current_ground_truth_annotation_filename,1920,1080,1920,1080,842,286,1098,902,1.0,1.0,8630,0.076049,35,annotation_auto_extract,0.0,,842,286,1098,902,ground_truth_boxes.csv,find elevator button panel,find,elevator button panel,,elevator button panel,elevator button panel,elevator button panel | button panel | elevator button | button,rule_based_text_parser,0.85,elevator button panel,elevator button panel
vid_res_036_elevator_button_panel_frame_03,vid_res_036_frame_03,vid_res_036_elevator_button_panel_frame_03,examples/residence_images/vid_res_036_elevator_button_panel_frame_03.jpg,examples/ground_truth_annotated/vid_res_036_elevator_button_panel_frame_03.jpg,elevator button panel,elevator button panel,elevator button panel,object,find elevator button panel,elevator button panel,generated_from_current_ground_truth_annotation_filename,1920,1080,1920,1080,1026,236,1293,933,1.0,1.0,9566,0.089747,35,annotation_auto_extract,0.0,,1026,236,1293,933,ground_truth_boxes.csv,find elevator button panel,find,elevator button panel,,elevator button panel,elevator button panel,elevator button panel | button panel | elevator button | button,rule_based_text_parser,0.85,elevator button panel,elevator button panel
